Copyright 1986-2022 Xilinx, Inc. All Rights Reserved. Copyright 2022-2024 Advanced Micro Devices, Inc. All Rights Reserved.
------------------------------------------------------------------------------------------------------------------------------------------------------------------------------------------------------
| Tool Version : Vivado v.2024.2 (win64) Build 5239630 Fri Nov 08 22:35:27 MST 2024
| Date         : Thu Dec 11 03:25:22 2025
| Host         : X270-GMK80JI running 64-bit major release  (build 9200)
| Command      : report_timing_summary -max_paths 10 -report_unconstrained -file top_timing_summary_routed.rpt -pb top_timing_summary_routed.pb -rpx top_timing_summary_routed.rpx -warn_on_violation
| Design       : top
| Device       : 7a35t-cpg236
| Speed File   : -1  PRODUCTION 1.23 2018-06-13
| Design State : Routed
------------------------------------------------------------------------------------------------------------------------------------------------------------------------------------------------------

Timing Summary Report

------------------------------------------------------------------------------------------------
| Timer Settings
| --------------
------------------------------------------------------------------------------------------------

  Enable Multi Corner Analysis               :  Yes
  Enable Pessimism Removal                   :  Yes
  Pessimism Removal Resolution               :  Nearest Common Node
  Enable Input Delay Default Clock           :  No
  Enable Preset / Clear Arcs                 :  No
  Disable Flight Delays                      :  No
  Ignore I/O Paths                           :  No
  Timing Early Launch at Borrowing Latches   :  No
  Borrow Time for Max Delay Exceptions       :  Yes
  Merge Timing Exceptions                    :  Yes
  Inter-SLR Compensation                     :  Conservative

  Corner  Analyze    Analyze    
  Name    Max Paths  Min Paths  
  ------  ---------  ---------  
  Slow    Yes        Yes        
  Fast    Yes        Yes        


------------------------------------------------------------------------------------------------
| Report Methodology
| ------------------
------------------------------------------------------------------------------------------------

Rule       Severity          Description                    Violations  
---------  ----------------  -----------------------------  ----------  
TIMING-14  Critical Warning  LUT on the clock tree          1           
TIMING-18  Warning           Missing input or output delay  29          

Note: This report is based on the most recent report_methodology run and may not be up-to-date. Run report_methodology on the current design for the latest report.



check_timing report

Table of Contents
-----------------
1. checking no_clock (0)
2. checking constant_clock (0)
3. checking pulse_width_clock (0)
4. checking unconstrained_internal_endpoints (0)
5. checking no_input_delay (2)
6. checking no_output_delay (27)
7. checking multiple_clock (0)
8. checking generated_clocks (0)
9. checking loops (0)
10. checking partial_input_delay (0)
11. checking partial_output_delay (0)
12. checking latch_loops (0)

1. checking no_clock (0)
------------------------
 There are 0 register/latch pins with no clock.


2. checking constant_clock (0)
------------------------------
 There are 0 register/latch pins with constant_clock.


3. checking pulse_width_clock (0)
---------------------------------
 There are 0 register/latch pins which need pulse_width check


4. checking unconstrained_internal_endpoints (0)
------------------------------------------------
 There are 0 pins that are not constrained for maximum delay.

 There are 0 pins that are not constrained for maximum delay due to constant clock.


5. checking no_input_delay (2)
------------------------------
 There are 2 input ports with no input delay specified. (HIGH)

 There are 0 input ports with no input delay but user has a false path constraint.


6. checking no_output_delay (27)
--------------------------------
 There are 27 ports with no output delay specified. (HIGH)

 There are 0 ports with no output delay but user has a false path constraint

 There are 0 ports with no output delay but with a timing clock defined on it or propagating through it


7. checking multiple_clock (0)
------------------------------
 There are 0 register/latch pins with multiple clocks.


8. checking generated_clocks (0)
--------------------------------
 There are 0 generated clocks that are not connected to a clock source.


9. checking loops (0)
---------------------
 There are 0 combinational loops in the design.


10. checking partial_input_delay (0)
------------------------------------
 There are 0 input ports with partial input delay specified.


11. checking partial_output_delay (0)
-------------------------------------
 There are 0 ports with partial output delay specified.


12. checking latch_loops (0)
----------------------------
 There are 0 combinational latch loops in the design through latch input



------------------------------------------------------------------------------------------------
| Design Timing Summary
| ---------------------
------------------------------------------------------------------------------------------------

    WNS(ns)      TNS(ns)  TNS Failing Endpoints  TNS Total Endpoints      WHS(ns)      THS(ns)  THS Failing Endpoints  THS Total Endpoints     WPWS(ns)     TPWS(ns)  TPWS Failing Endpoints  TPWS Total Endpoints  
    -------      -------  ---------------------  -------------------      -------      -------  ---------------------  -------------------     --------     --------  ----------------------  --------------------  
      6.542        0.000                      0                  150        0.084        0.000                      0                  150        4.500        0.000                       0                    78  


All user specified timing constraints are met.


------------------------------------------------------------------------------------------------
| Clock Summary
| -------------
------------------------------------------------------------------------------------------------

Clock        Waveform(ns)       Period(ns)      Frequency(MHz)
-----        ------------       ----------      --------------
sys_clk_pin  {0.000 5.000}      10.000          100.000         


------------------------------------------------------------------------------------------------
| Intra Clock Table
| -----------------
------------------------------------------------------------------------------------------------

Clock             WNS(ns)      TNS(ns)  TNS Failing Endpoints  TNS Total Endpoints      WHS(ns)      THS(ns)  THS Failing Endpoints  THS Total Endpoints     WPWS(ns)     TPWS(ns)  TPWS Failing Endpoints  TPWS Total Endpoints  
-----             -------      -------  ---------------------  -------------------      -------      -------  ---------------------  -------------------     --------     --------  ----------------------  --------------------  
sys_clk_pin         6.542        0.000                      0                  150        0.084        0.000                      0                  150        4.500        0.000                       0                    78  


------------------------------------------------------------------------------------------------
| Inter Clock Table
| -----------------
------------------------------------------------------------------------------------------------

From Clock    To Clock          WNS(ns)      TNS(ns)  TNS Failing Endpoints  TNS Total Endpoints      WHS(ns)      THS(ns)  THS Failing Endpoints  THS Total Endpoints  
----------    --------          -------      -------  ---------------------  -------------------      -------      -------  ---------------------  -------------------  


------------------------------------------------------------------------------------------------
| Other Path Groups Table
| -----------------------
------------------------------------------------------------------------------------------------

Path Group    From Clock    To Clock          WNS(ns)      TNS(ns)  TNS Failing Endpoints  TNS Total Endpoints      WHS(ns)      THS(ns)  THS Failing Endpoints  THS Total Endpoints  
----------    ----------    --------          -------      -------  ---------------------  -------------------      -------      -------  ---------------------  -------------------  


------------------------------------------------------------------------------------------------
| User Ignored Path Table
| -----------------------
------------------------------------------------------------------------------------------------

Path Group    From Clock    To Clock    
----------    ----------    --------    


------------------------------------------------------------------------------------------------
| Unconstrained Path Table
| ------------------------
------------------------------------------------------------------------------------------------

Path Group    From Clock    To Clock    
----------    ----------    --------    
(none)        sys_clk_pin                 
(none)                      sys_clk_pin   


------------------------------------------------------------------------------------------------
| Timing Details
| --------------
------------------------------------------------------------------------------------------------


---------------------------------------------------------------------------------------------------
From Clock:  sys_clk_pin
  To Clock:  sys_clk_pin

Setup :            0  Failing Endpoints,  Worst Slack        6.542ns,  Total Violation        0.000ns
Hold  :            0  Failing Endpoints,  Worst Slack        0.084ns,  Total Violation        0.000ns
PW    :            0  Failing Endpoints,  Worst Slack        4.500ns,  Total Violation        0.000ns
---------------------------------------------------------------------------------------------------


Max Delay Paths
--------------------------------------------------------------------------------------
Slack (MET) :             6.542ns  (required time - arrival time)
  Source:                 reset_inst/reset_count_reg[11]/C
                            (rising edge-triggered cell FDRE clocked by sys_clk_pin  {rise@0.000ns fall@5.000ns period=10.000ns})
  Destination:            reset_inst/master_reset_reg/D
                            (rising edge-triggered cell FDRE clocked by sys_clk_pin  {rise@0.000ns fall@5.000ns period=10.000ns})
  Path Group:             sys_clk_pin
  Path Type:              Setup (Max at Slow Process Corner)
  Requirement:            10.000ns  (sys_clk_pin rise@10.000ns - sys_clk_pin rise@0.000ns)
  Data Path Delay:        3.352ns  (logic 0.828ns (24.703%)  route 2.524ns (75.297%))
  Logic Levels:           3  (LUT4=1 LUT5=1 LUT6=1)
  Clock Path Skew:        -0.024ns (DCD - SCD + CPR)
    Destination Clock Delay (DCD):    4.858ns = ( 14.858 - 10.000 ) 
    Source Clock Delay      (SCD):    5.155ns
    Clock Pessimism Removal (CPR):    0.273ns
  Clock Uncertainty:      0.035ns  ((TSJ^2 + TIJ^2)^1/2 + DJ) / 2 + PE
    Total System Jitter     (TSJ):    0.071ns
    Total Input Jitter      (TIJ):    0.000ns
    Discrete Jitter          (DJ):    0.000ns
    Phase Error              (PE):    0.000ns

    Location             Delay type                Incr(ns)  Path(ns)    Netlist Resource(s)
  -------------------------------------------------------------------    -------------------
                         (clock sys_clk_pin rise edge)
                                                      0.000     0.000 r  
    W5                                                0.000     0.000 r  sys_clk (IN)
                         net (fo=0)                   0.000     0.000    sys_clk
    W5                   IBUF (Prop_ibuf_I_O)         1.458     1.458 r  sys_clk_IBUF_inst/O
                         net (fo=2, routed)           1.967     3.425    sys_clk_IBUF
    BUFGCTRL_X0Y0        BUFG (Prop_bufg_I_O)         0.096     3.521 r  sys_clk_IBUF_BUFG_inst/O
                         net (fo=61, routed)          1.634     5.155    reset_inst/CLK
    SLICE_X5Y7           FDRE                                         r  reset_inst/reset_count_reg[11]/C
  -------------------------------------------------------------------    -------------------
    SLICE_X5Y7           FDRE (Prop_fdre_C_Q)         0.456     5.611 f  reset_inst/reset_count_reg[11]/Q
                         net (fo=2, routed)           0.686     6.298    reset_inst/reset_count_reg[11]
    SLICE_X4Y7           LUT4 (Prop_lut4_I2_O)        0.124     6.422 r  reset_inst/master_reset_i_4/O
                         net (fo=1, routed)           0.416     6.838    reset_inst/master_reset_i_4_n_0
    SLICE_X4Y8           LUT5 (Prop_lut5_I4_O)        0.124     6.962 f  reset_inst/master_reset_i_3/O
                         net (fo=1, routed)           0.636     7.598    reset_inst/master_reset_i_3_n_0
    SLICE_X4Y6           LUT6 (Prop_lut6_I5_O)        0.124     7.722 r  reset_inst/master_reset_i_1/O
                         net (fo=17, routed)          0.785     8.507    reset_inst/sel
    SLICE_X4Y5           FDRE                                         r  reset_inst/master_reset_reg/D
  -------------------------------------------------------------------    -------------------

                         (clock sys_clk_pin rise edge)
                                                     10.000    10.000 r  
    W5                                                0.000    10.000 r  sys_clk (IN)
                         net (fo=0)                   0.000    10.000    sys_clk
    W5                   IBUF (Prop_ibuf_I_O)         1.388    11.388 r  sys_clk_IBUF_inst/O
                         net (fo=2, routed)           1.862    13.250    sys_clk_IBUF
    BUFGCTRL_X0Y0        BUFG (Prop_bufg_I_O)         0.091    13.341 r  sys_clk_IBUF_BUFG_inst/O
                         net (fo=61, routed)          1.517    14.858    reset_inst/CLK
    SLICE_X4Y5           FDRE                                         r  reset_inst/master_reset_reg/C
                         clock pessimism              0.273    15.131    
                         clock uncertainty           -0.035    15.096    
    SLICE_X4Y5           FDRE (Setup_fdre_C_D)       -0.047    15.049    reset_inst/master_reset_reg
  -------------------------------------------------------------------
                         required time                         15.049    
                         arrival time                          -8.507    
  -------------------------------------------------------------------
                         slack                                  6.542    

Slack (MET) :             6.577ns  (required time - arrival time)
  Source:                 reset_inst/reset_count_reg[11]/C
                            (rising edge-triggered cell FDRE clocked by sys_clk_pin  {rise@0.000ns fall@5.000ns period=10.000ns})
  Destination:            reset_inst/reset_count_reg[12]/CE
                            (rising edge-triggered cell FDRE clocked by sys_clk_pin  {rise@0.000ns fall@5.000ns period=10.000ns})
  Path Group:             sys_clk_pin
  Path Type:              Setup (Max at Slow Process Corner)
  Requirement:            10.000ns  (sys_clk_pin rise@10.000ns - sys_clk_pin rise@0.000ns)
  Data Path Delay:        3.158ns  (logic 0.828ns (26.221%)  route 2.330ns (73.779%))
  Logic Levels:           3  (LUT4=1 LUT5=1 LUT6=1)
  Clock Path Skew:        -0.025ns (DCD - SCD + CPR)
    Destination Clock Delay (DCD):    4.857ns = ( 14.857 - 10.000 ) 
    Source Clock Delay      (SCD):    5.155ns
    Clock Pessimism Removal (CPR):    0.273ns
  Clock Uncertainty:      0.035ns  ((TSJ^2 + TIJ^2)^1/2 + DJ) / 2 + PE
    Total System Jitter     (TSJ):    0.071ns
    Total Input Jitter      (TIJ):    0.000ns
    Discrete Jitter          (DJ):    0.000ns
    Phase Error              (PE):    0.000ns

    Location             Delay type                Incr(ns)  Path(ns)    Netlist Resource(s)
  -------------------------------------------------------------------    -------------------
                         (clock sys_clk_pin rise edge)
                                                      0.000     0.000 r  
    W5                                                0.000     0.000 r  sys_clk (IN)
                         net (fo=0)                   0.000     0.000    sys_clk
    W5                   IBUF (Prop_ibuf_I_O)         1.458     1.458 r  sys_clk_IBUF_inst/O
                         net (fo=2, routed)           1.967     3.425    sys_clk_IBUF
    BUFGCTRL_X0Y0        BUFG (Prop_bufg_I_O)         0.096     3.521 r  sys_clk_IBUF_BUFG_inst/O
                         net (fo=61, routed)          1.634     5.155    reset_inst/CLK
    SLICE_X5Y7           FDRE                                         r  reset_inst/reset_count_reg[11]/C
  -------------------------------------------------------------------    -------------------
    SLICE_X5Y7           FDRE (Prop_fdre_C_Q)         0.456     5.611 f  reset_inst/reset_count_reg[11]/Q
                         net (fo=2, routed)           0.686     6.298    reset_inst/reset_count_reg[11]
    SLICE_X4Y7           LUT4 (Prop_lut4_I2_O)        0.124     6.422 r  reset_inst/master_reset_i_4/O
                         net (fo=1, routed)           0.416     6.838    reset_inst/master_reset_i_4_n_0
    SLICE_X4Y8           LUT5 (Prop_lut5_I4_O)        0.124     6.962 f  reset_inst/master_reset_i_3/O
                         net (fo=1, routed)           0.636     7.598    reset_inst/master_reset_i_3_n_0
    SLICE_X4Y6           LUT6 (Prop_lut6_I5_O)        0.124     7.722 r  reset_inst/master_reset_i_1/O
                         net (fo=17, routed)          0.591     8.313    reset_inst/sel
    SLICE_X5Y8           FDRE                                         r  reset_inst/reset_count_reg[12]/CE
  -------------------------------------------------------------------    -------------------

                         (clock sys_clk_pin rise edge)
                                                     10.000    10.000 r  
    W5                                                0.000    10.000 r  sys_clk (IN)
                         net (fo=0)                   0.000    10.000    sys_clk
    W5                   IBUF (Prop_ibuf_I_O)         1.388    11.388 r  sys_clk_IBUF_inst/O
                         net (fo=2, routed)           1.862    13.250    sys_clk_IBUF
    BUFGCTRL_X0Y0        BUFG (Prop_bufg_I_O)         0.091    13.341 r  sys_clk_IBUF_BUFG_inst/O
                         net (fo=61, routed)          1.516    14.857    reset_inst/CLK
    SLICE_X5Y8           FDRE                                         r  reset_inst/reset_count_reg[12]/C
                         clock pessimism              0.273    15.130    
                         clock uncertainty           -0.035    15.095    
    SLICE_X5Y8           FDRE (Setup_fdre_C_CE)      -0.205    14.890    reset_inst/reset_count_reg[12]
  -------------------------------------------------------------------
                         required time                         14.890    
                         arrival time                          -8.313    
  -------------------------------------------------------------------
                         slack                                  6.577    

Slack (MET) :             6.577ns  (required time - arrival time)
  Source:                 reset_inst/reset_count_reg[11]/C
                            (rising edge-triggered cell FDRE clocked by sys_clk_pin  {rise@0.000ns fall@5.000ns period=10.000ns})
  Destination:            reset_inst/reset_count_reg[13]/CE
                            (rising edge-triggered cell FDRE clocked by sys_clk_pin  {rise@0.000ns fall@5.000ns period=10.000ns})
  Path Group:             sys_clk_pin
  Path Type:              Setup (Max at Slow Process Corner)
  Requirement:            10.000ns  (sys_clk_pin rise@10.000ns - sys_clk_pin rise@0.000ns)
  Data Path Delay:        3.158ns  (logic 0.828ns (26.221%)  route 2.330ns (73.779%))
  Logic Levels:           3  (LUT4=1 LUT5=1 LUT6=1)
  Clock Path Skew:        -0.025ns (DCD - SCD + CPR)
    Destination Clock Delay (DCD):    4.857ns = ( 14.857 - 10.000 ) 
    Source Clock Delay      (SCD):    5.155ns
    Clock Pessimism Removal (CPR):    0.273ns
  Clock Uncertainty:      0.035ns  ((TSJ^2 + TIJ^2)^1/2 + DJ) / 2 + PE
    Total System Jitter     (TSJ):    0.071ns
    Total Input Jitter      (TIJ):    0.000ns
    Discrete Jitter          (DJ):    0.000ns
    Phase Error              (PE):    0.000ns

    Location             Delay type                Incr(ns)  Path(ns)    Netlist Resource(s)
  -------------------------------------------------------------------    -------------------
                         (clock sys_clk_pin rise edge)
                                                      0.000     0.000 r  
    W5                                                0.000     0.000 r  sys_clk (IN)
                         net (fo=0)                   0.000     0.000    sys_clk
    W5                   IBUF (Prop_ibuf_I_O)         1.458     1.458 r  sys_clk_IBUF_inst/O
                         net (fo=2, routed)           1.967     3.425    sys_clk_IBUF
    BUFGCTRL_X0Y0        BUFG (Prop_bufg_I_O)         0.096     3.521 r  sys_clk_IBUF_BUFG_inst/O
                         net (fo=61, routed)          1.634     5.155    reset_inst/CLK
    SLICE_X5Y7           FDRE                                         r  reset_inst/reset_count_reg[11]/C
  -------------------------------------------------------------------    -------------------
    SLICE_X5Y7           FDRE (Prop_fdre_C_Q)         0.456     5.611 f  reset_inst/reset_count_reg[11]/Q
                         net (fo=2, routed)           0.686     6.298    reset_inst/reset_count_reg[11]
    SLICE_X4Y7           LUT4 (Prop_lut4_I2_O)        0.124     6.422 r  reset_inst/master_reset_i_4/O
                         net (fo=1, routed)           0.416     6.838    reset_inst/master_reset_i_4_n_0
    SLICE_X4Y8           LUT5 (Prop_lut5_I4_O)        0.124     6.962 f  reset_inst/master_reset_i_3/O
                         net (fo=1, routed)           0.636     7.598    reset_inst/master_reset_i_3_n_0
    SLICE_X4Y6           LUT6 (Prop_lut6_I5_O)        0.124     7.722 r  reset_inst/master_reset_i_1/O
                         net (fo=17, routed)          0.591     8.313    reset_inst/sel
    SLICE_X5Y8           FDRE                                         r  reset_inst/reset_count_reg[13]/CE
  -------------------------------------------------------------------    -------------------

                         (clock sys_clk_pin rise edge)
                                                     10.000    10.000 r  
    W5                                                0.000    10.000 r  sys_clk (IN)
                         net (fo=0)                   0.000    10.000    sys_clk
    W5                   IBUF (Prop_ibuf_I_O)         1.388    11.388 r  sys_clk_IBUF_inst/O
                         net (fo=2, routed)           1.862    13.250    sys_clk_IBUF
    BUFGCTRL_X0Y0        BUFG (Prop_bufg_I_O)         0.091    13.341 r  sys_clk_IBUF_BUFG_inst/O
                         net (fo=61, routed)          1.516    14.857    reset_inst/CLK
    SLICE_X5Y8           FDRE                                         r  reset_inst/reset_count_reg[13]/C
                         clock pessimism              0.273    15.130    
                         clock uncertainty           -0.035    15.095    
    SLICE_X5Y8           FDRE (Setup_fdre_C_CE)      -0.205    14.890    reset_inst/reset_count_reg[13]
  -------------------------------------------------------------------
                         required time                         14.890    
                         arrival time                          -8.313    
  -------------------------------------------------------------------
                         slack                                  6.577    

Slack (MET) :             6.577ns  (required time - arrival time)
  Source:                 reset_inst/reset_count_reg[11]/C
                            (rising edge-triggered cell FDRE clocked by sys_clk_pin  {rise@0.000ns fall@5.000ns period=10.000ns})
  Destination:            reset_inst/reset_count_reg[14]/CE
                            (rising edge-triggered cell FDRE clocked by sys_clk_pin  {rise@0.000ns fall@5.000ns period=10.000ns})
  Path Group:             sys_clk_pin
  Path Type:              Setup (Max at Slow Process Corner)
  Requirement:            10.000ns  (sys_clk_pin rise@10.000ns - sys_clk_pin rise@0.000ns)
  Data Path Delay:        3.158ns  (logic 0.828ns (26.221%)  route 2.330ns (73.779%))
  Logic Levels:           3  (LUT4=1 LUT5=1 LUT6=1)
  Clock Path Skew:        -0.025ns (DCD - SCD + CPR)
    Destination Clock Delay (DCD):    4.857ns = ( 14.857 - 10.000 ) 
    Source Clock Delay      (SCD):    5.155ns
    Clock Pessimism Removal (CPR):    0.273ns
  Clock Uncertainty:      0.035ns  ((TSJ^2 + TIJ^2)^1/2 + DJ) / 2 + PE
    Total System Jitter     (TSJ):    0.071ns
    Total Input Jitter      (TIJ):    0.000ns
    Discrete Jitter          (DJ):    0.000ns
    Phase Error              (PE):    0.000ns

    Location             Delay type                Incr(ns)  Path(ns)    Netlist Resource(s)
  -------------------------------------------------------------------    -------------------
                         (clock sys_clk_pin rise edge)
                                                      0.000     0.000 r  
    W5                                                0.000     0.000 r  sys_clk (IN)
                         net (fo=0)                   0.000     0.000    sys_clk
    W5                   IBUF (Prop_ibuf_I_O)         1.458     1.458 r  sys_clk_IBUF_inst/O
                         net (fo=2, routed)           1.967     3.425    sys_clk_IBUF
    BUFGCTRL_X0Y0        BUFG (Prop_bufg_I_O)         0.096     3.521 r  sys_clk_IBUF_BUFG_inst/O
                         net (fo=61, routed)          1.634     5.155    reset_inst/CLK
    SLICE_X5Y7           FDRE                                         r  reset_inst/reset_count_reg[11]/C
  -------------------------------------------------------------------    -------------------
    SLICE_X5Y7           FDRE (Prop_fdre_C_Q)         0.456     5.611 f  reset_inst/reset_count_reg[11]/Q
                         net (fo=2, routed)           0.686     6.298    reset_inst/reset_count_reg[11]
    SLICE_X4Y7           LUT4 (Prop_lut4_I2_O)        0.124     6.422 r  reset_inst/master_reset_i_4/O
                         net (fo=1, routed)           0.416     6.838    reset_inst/master_reset_i_4_n_0
    SLICE_X4Y8           LUT5 (Prop_lut5_I4_O)        0.124     6.962 f  reset_inst/master_reset_i_3/O
                         net (fo=1, routed)           0.636     7.598    reset_inst/master_reset_i_3_n_0
    SLICE_X4Y6           LUT6 (Prop_lut6_I5_O)        0.124     7.722 r  reset_inst/master_reset_i_1/O
                         net (fo=17, routed)          0.591     8.313    reset_inst/sel
    SLICE_X5Y8           FDRE                                         r  reset_inst/reset_count_reg[14]/CE
  -------------------------------------------------------------------    -------------------

                         (clock sys_clk_pin rise edge)
                                                     10.000    10.000 r  
    W5                                                0.000    10.000 r  sys_clk (IN)
                         net (fo=0)                   0.000    10.000    sys_clk
    W5                   IBUF (Prop_ibuf_I_O)         1.388    11.388 r  sys_clk_IBUF_inst/O
                         net (fo=2, routed)           1.862    13.250    sys_clk_IBUF
    BUFGCTRL_X0Y0        BUFG (Prop_bufg_I_O)         0.091    13.341 r  sys_clk_IBUF_BUFG_inst/O
                         net (fo=61, routed)          1.516    14.857    reset_inst/CLK
    SLICE_X5Y8           FDRE                                         r  reset_inst/reset_count_reg[14]/C
                         clock pessimism              0.273    15.130    
                         clock uncertainty           -0.035    15.095    
    SLICE_X5Y8           FDRE (Setup_fdre_C_CE)      -0.205    14.890    reset_inst/reset_count_reg[14]
  -------------------------------------------------------------------
                         required time                         14.890    
                         arrival time                          -8.313    
  -------------------------------------------------------------------
                         slack                                  6.577    

Slack (MET) :             6.577ns  (required time - arrival time)
  Source:                 reset_inst/reset_count_reg[11]/C
                            (rising edge-triggered cell FDRE clocked by sys_clk_pin  {rise@0.000ns fall@5.000ns period=10.000ns})
  Destination:            reset_inst/reset_count_reg[15]/CE
                            (rising edge-triggered cell FDRE clocked by sys_clk_pin  {rise@0.000ns fall@5.000ns period=10.000ns})
  Path Group:             sys_clk_pin
  Path Type:              Setup (Max at Slow Process Corner)
  Requirement:            10.000ns  (sys_clk_pin rise@10.000ns - sys_clk_pin rise@0.000ns)
  Data Path Delay:        3.158ns  (logic 0.828ns (26.221%)  route 2.330ns (73.779%))
  Logic Levels:           3  (LUT4=1 LUT5=1 LUT6=1)
  Clock Path Skew:        -0.025ns (DCD - SCD + CPR)
    Destination Clock Delay (DCD):    4.857ns = ( 14.857 - 10.000 ) 
    Source Clock Delay      (SCD):    5.155ns
    Clock Pessimism Removal (CPR):    0.273ns
  Clock Uncertainty:      0.035ns  ((TSJ^2 + TIJ^2)^1/2 + DJ) / 2 + PE
    Total System Jitter     (TSJ):    0.071ns
    Total Input Jitter      (TIJ):    0.000ns
    Discrete Jitter          (DJ):    0.000ns
    Phase Error              (PE):    0.000ns

    Location             Delay type                Incr(ns)  Path(ns)    Netlist Resource(s)
  -------------------------------------------------------------------    -------------------
                         (clock sys_clk_pin rise edge)
                                                      0.000     0.000 r  
    W5                                                0.000     0.000 r  sys_clk (IN)
                         net (fo=0)                   0.000     0.000    sys_clk
    W5                   IBUF (Prop_ibuf_I_O)         1.458     1.458 r  sys_clk_IBUF_inst/O
                         net (fo=2, routed)           1.967     3.425    sys_clk_IBUF
    BUFGCTRL_X0Y0        BUFG (Prop_bufg_I_O)         0.096     3.521 r  sys_clk_IBUF_BUFG_inst/O
                         net (fo=61, routed)          1.634     5.155    reset_inst/CLK
    SLICE_X5Y7           FDRE                                         r  reset_inst/reset_count_reg[11]/C
  -------------------------------------------------------------------    -------------------
    SLICE_X5Y7           FDRE (Prop_fdre_C_Q)         0.456     5.611 f  reset_inst/reset_count_reg[11]/Q
                         net (fo=2, routed)           0.686     6.298    reset_inst/reset_count_reg[11]
    SLICE_X4Y7           LUT4 (Prop_lut4_I2_O)        0.124     6.422 r  reset_inst/master_reset_i_4/O
                         net (fo=1, routed)           0.416     6.838    reset_inst/master_reset_i_4_n_0
    SLICE_X4Y8           LUT5 (Prop_lut5_I4_O)        0.124     6.962 f  reset_inst/master_reset_i_3/O
                         net (fo=1, routed)           0.636     7.598    reset_inst/master_reset_i_3_n_0
    SLICE_X4Y6           LUT6 (Prop_lut6_I5_O)        0.124     7.722 r  reset_inst/master_reset_i_1/O
                         net (fo=17, routed)          0.591     8.313    reset_inst/sel
    SLICE_X5Y8           FDRE                                         r  reset_inst/reset_count_reg[15]/CE
  -------------------------------------------------------------------    -------------------

                         (clock sys_clk_pin rise edge)
                                                     10.000    10.000 r  
    W5                                                0.000    10.000 r  sys_clk (IN)
                         net (fo=0)                   0.000    10.000    sys_clk
    W5                   IBUF (Prop_ibuf_I_O)         1.388    11.388 r  sys_clk_IBUF_inst/O
                         net (fo=2, routed)           1.862    13.250    sys_clk_IBUF
    BUFGCTRL_X0Y0        BUFG (Prop_bufg_I_O)         0.091    13.341 r  sys_clk_IBUF_BUFG_inst/O
                         net (fo=61, routed)          1.516    14.857    reset_inst/CLK
    SLICE_X5Y8           FDRE                                         r  reset_inst/reset_count_reg[15]/C
                         clock pessimism              0.273    15.130    
                         clock uncertainty           -0.035    15.095    
    SLICE_X5Y8           FDRE (Setup_fdre_C_CE)      -0.205    14.890    reset_inst/reset_count_reg[15]
  -------------------------------------------------------------------
                         required time                         14.890    
                         arrival time                          -8.313    
  -------------------------------------------------------------------
                         slack                                  6.577    

Slack (MET) :             6.579ns  (required time - arrival time)
  Source:                 reset_inst/reset_count_reg[11]/C
                            (rising edge-triggered cell FDRE clocked by sys_clk_pin  {rise@0.000ns fall@5.000ns period=10.000ns})
  Destination:            reset_inst/reset_count_reg[0]/CE
                            (rising edge-triggered cell FDRE clocked by sys_clk_pin  {rise@0.000ns fall@5.000ns period=10.000ns})
  Path Group:             sys_clk_pin
  Path Type:              Setup (Max at Slow Process Corner)
  Requirement:            10.000ns  (sys_clk_pin rise@10.000ns - sys_clk_pin rise@0.000ns)
  Data Path Delay:        3.157ns  (logic 0.828ns (26.230%)  route 2.329ns (73.770%))
  Logic Levels:           3  (LUT4=1 LUT5=1 LUT6=1)
  Clock Path Skew:        -0.024ns (DCD - SCD + CPR)
    Destination Clock Delay (DCD):    4.858ns = ( 14.858 - 10.000 ) 
    Source Clock Delay      (SCD):    5.155ns
    Clock Pessimism Removal (CPR):    0.273ns
  Clock Uncertainty:      0.035ns  ((TSJ^2 + TIJ^2)^1/2 + DJ) / 2 + PE
    Total System Jitter     (TSJ):    0.071ns
    Total Input Jitter      (TIJ):    0.000ns
    Discrete Jitter          (DJ):    0.000ns
    Phase Error              (PE):    0.000ns

    Location             Delay type                Incr(ns)  Path(ns)    Netlist Resource(s)
  -------------------------------------------------------------------    -------------------
                         (clock sys_clk_pin rise edge)
                                                      0.000     0.000 r  
    W5                                                0.000     0.000 r  sys_clk (IN)
                         net (fo=0)                   0.000     0.000    sys_clk
    W5                   IBUF (Prop_ibuf_I_O)         1.458     1.458 r  sys_clk_IBUF_inst/O
                         net (fo=2, routed)           1.967     3.425    sys_clk_IBUF
    BUFGCTRL_X0Y0        BUFG (Prop_bufg_I_O)         0.096     3.521 r  sys_clk_IBUF_BUFG_inst/O
                         net (fo=61, routed)          1.634     5.155    reset_inst/CLK
    SLICE_X5Y7           FDRE                                         r  reset_inst/reset_count_reg[11]/C
  -------------------------------------------------------------------    -------------------
    SLICE_X5Y7           FDRE (Prop_fdre_C_Q)         0.456     5.611 f  reset_inst/reset_count_reg[11]/Q
                         net (fo=2, routed)           0.686     6.298    reset_inst/reset_count_reg[11]
    SLICE_X4Y7           LUT4 (Prop_lut4_I2_O)        0.124     6.422 r  reset_inst/master_reset_i_4/O
                         net (fo=1, routed)           0.416     6.838    reset_inst/master_reset_i_4_n_0
    SLICE_X4Y8           LUT5 (Prop_lut5_I4_O)        0.124     6.962 f  reset_inst/master_reset_i_3/O
                         net (fo=1, routed)           0.636     7.598    reset_inst/master_reset_i_3_n_0
    SLICE_X4Y6           LUT6 (Prop_lut6_I5_O)        0.124     7.722 r  reset_inst/master_reset_i_1/O
                         net (fo=17, routed)          0.589     8.312    reset_inst/sel
    SLICE_X5Y5           FDRE                                         r  reset_inst/reset_count_reg[0]/CE
  -------------------------------------------------------------------    -------------------

                         (clock sys_clk_pin rise edge)
                                                     10.000    10.000 r  
    W5                                                0.000    10.000 r  sys_clk (IN)
                         net (fo=0)                   0.000    10.000    sys_clk
    W5                   IBUF (Prop_ibuf_I_O)         1.388    11.388 r  sys_clk_IBUF_inst/O
                         net (fo=2, routed)           1.862    13.250    sys_clk_IBUF
    BUFGCTRL_X0Y0        BUFG (Prop_bufg_I_O)         0.091    13.341 r  sys_clk_IBUF_BUFG_inst/O
                         net (fo=61, routed)          1.517    14.858    reset_inst/CLK
    SLICE_X5Y5           FDRE                                         r  reset_inst/reset_count_reg[0]/C
                         clock pessimism              0.273    15.131    
                         clock uncertainty           -0.035    15.096    
    SLICE_X5Y5           FDRE (Setup_fdre_C_CE)      -0.205    14.891    reset_inst/reset_count_reg[0]
  -------------------------------------------------------------------
                         required time                         14.891    
                         arrival time                          -8.312    
  -------------------------------------------------------------------
                         slack                                  6.579    

Slack (MET) :             6.579ns  (required time - arrival time)
  Source:                 reset_inst/reset_count_reg[11]/C
                            (rising edge-triggered cell FDRE clocked by sys_clk_pin  {rise@0.000ns fall@5.000ns period=10.000ns})
  Destination:            reset_inst/reset_count_reg[1]/CE
                            (rising edge-triggered cell FDRE clocked by sys_clk_pin  {rise@0.000ns fall@5.000ns period=10.000ns})
  Path Group:             sys_clk_pin
  Path Type:              Setup (Max at Slow Process Corner)
  Requirement:            10.000ns  (sys_clk_pin rise@10.000ns - sys_clk_pin rise@0.000ns)
  Data Path Delay:        3.157ns  (logic 0.828ns (26.230%)  route 2.329ns (73.770%))
  Logic Levels:           3  (LUT4=1 LUT5=1 LUT6=1)
  Clock Path Skew:        -0.024ns (DCD - SCD + CPR)
    Destination Clock Delay (DCD):    4.858ns = ( 14.858 - 10.000 ) 
    Source Clock Delay      (SCD):    5.155ns
    Clock Pessimism Removal (CPR):    0.273ns
  Clock Uncertainty:      0.035ns  ((TSJ^2 + TIJ^2)^1/2 + DJ) / 2 + PE
    Total System Jitter     (TSJ):    0.071ns
    Total Input Jitter      (TIJ):    0.000ns
    Discrete Jitter          (DJ):    0.000ns
    Phase Error              (PE):    0.000ns

    Location             Delay type                Incr(ns)  Path(ns)    Netlist Resource(s)
  -------------------------------------------------------------------    -------------------
                         (clock sys_clk_pin rise edge)
                                                      0.000     0.000 r  
    W5                                                0.000     0.000 r  sys_clk (IN)
                         net (fo=0)                   0.000     0.000    sys_clk
    W5                   IBUF (Prop_ibuf_I_O)         1.458     1.458 r  sys_clk_IBUF_inst/O
                         net (fo=2, routed)           1.967     3.425    sys_clk_IBUF
    BUFGCTRL_X0Y0        BUFG (Prop_bufg_I_O)         0.096     3.521 r  sys_clk_IBUF_BUFG_inst/O
                         net (fo=61, routed)          1.634     5.155    reset_inst/CLK
    SLICE_X5Y7           FDRE                                         r  reset_inst/reset_count_reg[11]/C
  -------------------------------------------------------------------    -------------------
    SLICE_X5Y7           FDRE (Prop_fdre_C_Q)         0.456     5.611 f  reset_inst/reset_count_reg[11]/Q
                         net (fo=2, routed)           0.686     6.298    reset_inst/reset_count_reg[11]
    SLICE_X4Y7           LUT4 (Prop_lut4_I2_O)        0.124     6.422 r  reset_inst/master_reset_i_4/O
                         net (fo=1, routed)           0.416     6.838    reset_inst/master_reset_i_4_n_0
    SLICE_X4Y8           LUT5 (Prop_lut5_I4_O)        0.124     6.962 f  reset_inst/master_reset_i_3/O
                         net (fo=1, routed)           0.636     7.598    reset_inst/master_reset_i_3_n_0
    SLICE_X4Y6           LUT6 (Prop_lut6_I5_O)        0.124     7.722 r  reset_inst/master_reset_i_1/O
                         net (fo=17, routed)          0.589     8.312    reset_inst/sel
    SLICE_X5Y5           FDRE                                         r  reset_inst/reset_count_reg[1]/CE
  -------------------------------------------------------------------    -------------------

                         (clock sys_clk_pin rise edge)
                                                     10.000    10.000 r  
    W5                                                0.000    10.000 r  sys_clk (IN)
                         net (fo=0)                   0.000    10.000    sys_clk
    W5                   IBUF (Prop_ibuf_I_O)         1.388    11.388 r  sys_clk_IBUF_inst/O
                         net (fo=2, routed)           1.862    13.250    sys_clk_IBUF
    BUFGCTRL_X0Y0        BUFG (Prop_bufg_I_O)         0.091    13.341 r  sys_clk_IBUF_BUFG_inst/O
                         net (fo=61, routed)          1.517    14.858    reset_inst/CLK
    SLICE_X5Y5           FDRE                                         r  reset_inst/reset_count_reg[1]/C
                         clock pessimism              0.273    15.131    
                         clock uncertainty           -0.035    15.096    
    SLICE_X5Y5           FDRE (Setup_fdre_C_CE)      -0.205    14.891    reset_inst/reset_count_reg[1]
  -------------------------------------------------------------------
                         required time                         14.891    
                         arrival time                          -8.312    
  -------------------------------------------------------------------
                         slack                                  6.579    

Slack (MET) :             6.579ns  (required time - arrival time)
  Source:                 reset_inst/reset_count_reg[11]/C
                            (rising edge-triggered cell FDRE clocked by sys_clk_pin  {rise@0.000ns fall@5.000ns period=10.000ns})
  Destination:            reset_inst/reset_count_reg[2]/CE
                            (rising edge-triggered cell FDRE clocked by sys_clk_pin  {rise@0.000ns fall@5.000ns period=10.000ns})
  Path Group:             sys_clk_pin
  Path Type:              Setup (Max at Slow Process Corner)
  Requirement:            10.000ns  (sys_clk_pin rise@10.000ns - sys_clk_pin rise@0.000ns)
  Data Path Delay:        3.157ns  (logic 0.828ns (26.230%)  route 2.329ns (73.770%))
  Logic Levels:           3  (LUT4=1 LUT5=1 LUT6=1)
  Clock Path Skew:        -0.024ns (DCD - SCD + CPR)
    Destination Clock Delay (DCD):    4.858ns = ( 14.858 - 10.000 ) 
    Source Clock Delay      (SCD):    5.155ns
    Clock Pessimism Removal (CPR):    0.273ns
  Clock Uncertainty:      0.035ns  ((TSJ^2 + TIJ^2)^1/2 + DJ) / 2 + PE
    Total System Jitter     (TSJ):    0.071ns
    Total Input Jitter      (TIJ):    0.000ns
    Discrete Jitter          (DJ):    0.000ns
    Phase Error              (PE):    0.000ns

    Location             Delay type                Incr(ns)  Path(ns)    Netlist Resource(s)
  -------------------------------------------------------------------    -------------------
                         (clock sys_clk_pin rise edge)
                                                      0.000     0.000 r  
    W5                                                0.000     0.000 r  sys_clk (IN)
                         net (fo=0)                   0.000     0.000    sys_clk
    W5                   IBUF (Prop_ibuf_I_O)         1.458     1.458 r  sys_clk_IBUF_inst/O
                         net (fo=2, routed)           1.967     3.425    sys_clk_IBUF
    BUFGCTRL_X0Y0        BUFG (Prop_bufg_I_O)         0.096     3.521 r  sys_clk_IBUF_BUFG_inst/O
                         net (fo=61, routed)          1.634     5.155    reset_inst/CLK
    SLICE_X5Y7           FDRE                                         r  reset_inst/reset_count_reg[11]/C
  -------------------------------------------------------------------    -------------------
    SLICE_X5Y7           FDRE (Prop_fdre_C_Q)         0.456     5.611 f  reset_inst/reset_count_reg[11]/Q
                         net (fo=2, routed)           0.686     6.298    reset_inst/reset_count_reg[11]
    SLICE_X4Y7           LUT4 (Prop_lut4_I2_O)        0.124     6.422 r  reset_inst/master_reset_i_4/O
                         net (fo=1, routed)           0.416     6.838    reset_inst/master_reset_i_4_n_0
    SLICE_X4Y8           LUT5 (Prop_lut5_I4_O)        0.124     6.962 f  reset_inst/master_reset_i_3/O
                         net (fo=1, routed)           0.636     7.598    reset_inst/master_reset_i_3_n_0
    SLICE_X4Y6           LUT6 (Prop_lut6_I5_O)        0.124     7.722 r  reset_inst/master_reset_i_1/O
                         net (fo=17, routed)          0.589     8.312    reset_inst/sel
    SLICE_X5Y5           FDRE                                         r  reset_inst/reset_count_reg[2]/CE
  -------------------------------------------------------------------    -------------------

                         (clock sys_clk_pin rise edge)
                                                     10.000    10.000 r  
    W5                                                0.000    10.000 r  sys_clk (IN)
                         net (fo=0)                   0.000    10.000    sys_clk
    W5                   IBUF (Prop_ibuf_I_O)         1.388    11.388 r  sys_clk_IBUF_inst/O
                         net (fo=2, routed)           1.862    13.250    sys_clk_IBUF
    BUFGCTRL_X0Y0        BUFG (Prop_bufg_I_O)         0.091    13.341 r  sys_clk_IBUF_BUFG_inst/O
                         net (fo=61, routed)          1.517    14.858    reset_inst/CLK
    SLICE_X5Y5           FDRE                                         r  reset_inst/reset_count_reg[2]/C
                         clock pessimism              0.273    15.131    
                         clock uncertainty           -0.035    15.096    
    SLICE_X5Y5           FDRE (Setup_fdre_C_CE)      -0.205    14.891    reset_inst/reset_count_reg[2]
  -------------------------------------------------------------------
                         required time                         14.891    
                         arrival time                          -8.312    
  -------------------------------------------------------------------
                         slack                                  6.579    

Slack (MET) :             6.579ns  (required time - arrival time)
  Source:                 reset_inst/reset_count_reg[11]/C
                            (rising edge-triggered cell FDRE clocked by sys_clk_pin  {rise@0.000ns fall@5.000ns period=10.000ns})
  Destination:            reset_inst/reset_count_reg[3]/CE
                            (rising edge-triggered cell FDRE clocked by sys_clk_pin  {rise@0.000ns fall@5.000ns period=10.000ns})
  Path Group:             sys_clk_pin
  Path Type:              Setup (Max at Slow Process Corner)
  Requirement:            10.000ns  (sys_clk_pin rise@10.000ns - sys_clk_pin rise@0.000ns)
  Data Path Delay:        3.157ns  (logic 0.828ns (26.230%)  route 2.329ns (73.770%))
  Logic Levels:           3  (LUT4=1 LUT5=1 LUT6=1)
  Clock Path Skew:        -0.024ns (DCD - SCD + CPR)
    Destination Clock Delay (DCD):    4.858ns = ( 14.858 - 10.000 ) 
    Source Clock Delay      (SCD):    5.155ns
    Clock Pessimism Removal (CPR):    0.273ns
  Clock Uncertainty:      0.035ns  ((TSJ^2 + TIJ^2)^1/2 + DJ) / 2 + PE
    Total System Jitter     (TSJ):    0.071ns
    Total Input Jitter      (TIJ):    0.000ns
    Discrete Jitter          (DJ):    0.000ns
    Phase Error              (PE):    0.000ns

    Location             Delay type                Incr(ns)  Path(ns)    Netlist Resource(s)
  -------------------------------------------------------------------    -------------------
                         (clock sys_clk_pin rise edge)
                                                      0.000     0.000 r  
    W5                                                0.000     0.000 r  sys_clk (IN)
                         net (fo=0)                   0.000     0.000    sys_clk
    W5                   IBUF (Prop_ibuf_I_O)         1.458     1.458 r  sys_clk_IBUF_inst/O
                         net (fo=2, routed)           1.967     3.425    sys_clk_IBUF
    BUFGCTRL_X0Y0        BUFG (Prop_bufg_I_O)         0.096     3.521 r  sys_clk_IBUF_BUFG_inst/O
                         net (fo=61, routed)          1.634     5.155    reset_inst/CLK
    SLICE_X5Y7           FDRE                                         r  reset_inst/reset_count_reg[11]/C
  -------------------------------------------------------------------    -------------------
    SLICE_X5Y7           FDRE (Prop_fdre_C_Q)         0.456     5.611 f  reset_inst/reset_count_reg[11]/Q
                         net (fo=2, routed)           0.686     6.298    reset_inst/reset_count_reg[11]
    SLICE_X4Y7           LUT4 (Prop_lut4_I2_O)        0.124     6.422 r  reset_inst/master_reset_i_4/O
                         net (fo=1, routed)           0.416     6.838    reset_inst/master_reset_i_4_n_0
    SLICE_X4Y8           LUT5 (Prop_lut5_I4_O)        0.124     6.962 f  reset_inst/master_reset_i_3/O
                         net (fo=1, routed)           0.636     7.598    reset_inst/master_reset_i_3_n_0
    SLICE_X4Y6           LUT6 (Prop_lut6_I5_O)        0.124     7.722 r  reset_inst/master_reset_i_1/O
                         net (fo=17, routed)          0.589     8.312    reset_inst/sel
    SLICE_X5Y5           FDRE                                         r  reset_inst/reset_count_reg[3]/CE
  -------------------------------------------------------------------    -------------------

                         (clock sys_clk_pin rise edge)
                                                     10.000    10.000 r  
    W5                                                0.000    10.000 r  sys_clk (IN)
                         net (fo=0)                   0.000    10.000    sys_clk
    W5                   IBUF (Prop_ibuf_I_O)         1.388    11.388 r  sys_clk_IBUF_inst/O
                         net (fo=2, routed)           1.862    13.250    sys_clk_IBUF
    BUFGCTRL_X0Y0        BUFG (Prop_bufg_I_O)         0.091    13.341 r  sys_clk_IBUF_BUFG_inst/O
                         net (fo=61, routed)          1.517    14.858    reset_inst/CLK
    SLICE_X5Y5           FDRE                                         r  reset_inst/reset_count_reg[3]/C
                         clock pessimism              0.273    15.131    
                         clock uncertainty           -0.035    15.096    
    SLICE_X5Y5           FDRE (Setup_fdre_C_CE)      -0.205    14.891    reset_inst/reset_count_reg[3]
  -------------------------------------------------------------------
                         required time                         14.891    
                         arrival time                          -8.312    
  -------------------------------------------------------------------
                         slack                                  6.579    

Slack (MET) :             6.707ns  (required time - arrival time)
  Source:                 db_step_inst/sample_counter_reg[4]/C
                            (rising edge-triggered cell FDRE clocked by sys_clk_pin  {rise@0.000ns fall@5.000ns period=10.000ns})
  Destination:            db_step_inst/sample_counter_reg[0]/R
                            (rising edge-triggered cell FDRE clocked by sys_clk_pin  {rise@0.000ns fall@5.000ns period=10.000ns})
  Path Group:             sys_clk_pin
  Path Type:              Setup (Max at Slow Process Corner)
  Requirement:            10.000ns  (sys_clk_pin rise@10.000ns - sys_clk_pin rise@0.000ns)
  Data Path Delay:        2.828ns  (logic 0.839ns (29.663%)  route 1.989ns (70.337%))
  Logic Levels:           2  (LUT6=2)
  Clock Path Skew:        0.000ns (DCD - SCD + CPR)
    Destination Clock Delay (DCD):    4.856ns = ( 14.856 - 10.000 ) 
    Source Clock Delay      (SCD):    5.154ns
    Clock Pessimism Removal (CPR):    0.298ns
  Clock Uncertainty:      0.035ns  ((TSJ^2 + TIJ^2)^1/2 + DJ) / 2 + PE
    Total System Jitter     (TSJ):    0.071ns
    Total Input Jitter      (TIJ):    0.000ns
    Discrete Jitter          (DJ):    0.000ns
    Phase Error              (PE):    0.000ns

    Location             Delay type                Incr(ns)  Path(ns)    Netlist Resource(s)
  -------------------------------------------------------------------    -------------------
                         (clock sys_clk_pin rise edge)
                                                      0.000     0.000 r  
    W5                                                0.000     0.000 r  sys_clk (IN)
                         net (fo=0)                   0.000     0.000    sys_clk
    W5                   IBUF (Prop_ibuf_I_O)         1.458     1.458 r  sys_clk_IBUF_inst/O
                         net (fo=2, routed)           1.967     3.425    sys_clk_IBUF
    BUFGCTRL_X0Y0        BUFG (Prop_bufg_I_O)         0.096     3.521 r  sys_clk_IBUF_BUFG_inst/O
                         net (fo=61, routed)          1.633     5.154    db_step_inst/CLK
    SLICE_X4Y9           FDRE                                         r  db_step_inst/sample_counter_reg[4]/C
  -------------------------------------------------------------------    -------------------
    SLICE_X4Y9           FDRE (Prop_fdre_C_Q)         0.419     5.573 r  db_step_inst/sample_counter_reg[4]/Q
                         net (fo=4, routed)           1.033     6.606    db_step_inst/sample_counter_reg[4]
    SLICE_X4Y8           LUT6 (Prop_lut6_I1_O)        0.296     6.902 f  db_step_inst/sample_counter[9]_i_3/O
                         net (fo=2, routed)           0.313     7.214    db_step_inst/sample_counter[9]_i_3_n_0
    SLICE_X4Y6           LUT6 (Prop_lut6_I3_O)        0.124     7.338 r  db_step_inst/sample_counter[9]_i_1/O
                         net (fo=10, routed)          0.644     7.983    db_step_inst/sample_counter[9]_i_1_n_0
    SLICE_X4Y9           FDRE                                         r  db_step_inst/sample_counter_reg[0]/R
  -------------------------------------------------------------------    -------------------

                         (clock sys_clk_pin rise edge)
                                                     10.000    10.000 r  
    W5                                                0.000    10.000 r  sys_clk (IN)
                         net (fo=0)                   0.000    10.000    sys_clk
    W5                   IBUF (Prop_ibuf_I_O)         1.388    11.388 r  sys_clk_IBUF_inst/O
                         net (fo=2, routed)           1.862    13.250    sys_clk_IBUF
    BUFGCTRL_X0Y0        BUFG (Prop_bufg_I_O)         0.091    13.341 r  sys_clk_IBUF_BUFG_inst/O
                         net (fo=61, routed)          1.515    14.856    db_step_inst/CLK
    SLICE_X4Y9           FDRE                                         r  db_step_inst/sample_counter_reg[0]/C
                         clock pessimism              0.298    15.154    
                         clock uncertainty           -0.035    15.119    
    SLICE_X4Y9           FDRE (Setup_fdre_C_R)       -0.429    14.690    db_step_inst/sample_counter_reg[0]
  -------------------------------------------------------------------
                         required time                         14.690    
                         arrival time                          -7.983    
  -------------------------------------------------------------------
                         slack                                  6.707    





Min Delay Paths
--------------------------------------------------------------------------------------
Slack (MET) :             0.084ns  (arrival time - required time)
  Source:                 reset_inst/master_reset_reg/C
                            (rising edge-triggered cell FDRE clocked by sys_clk_pin  {rise@0.000ns fall@5.000ns period=10.000ns})
  Destination:            program_counter_inst/state_reg[4]/R
                            (rising edge-triggered cell FDRE clocked by sys_clk_pin  {rise@0.000ns fall@5.000ns period=10.000ns})
  Path Group:             sys_clk_pin
  Path Type:              Hold (Min at Fast Process Corner)
  Requirement:            0.000ns  (sys_clk_pin rise@0.000ns - sys_clk_pin rise@0.000ns)
  Data Path Delay:        0.530ns  (logic 0.128ns (24.154%)  route 0.402ns (75.846%))
  Logic Levels:           0  
  Clock Path Skew:        0.491ns (DCD - SCD - CPR)
    Destination Clock Delay (DCD):    2.155ns
    Source Clock Delay      (SCD):    1.476ns
    Clock Pessimism Removal (CPR):    0.188ns

    Location             Delay type                Incr(ns)  Path(ns)    Netlist Resource(s)
  -------------------------------------------------------------------    -------------------
                         (clock sys_clk_pin rise edge)
                                                      0.000     0.000 r  
    W5                                                0.000     0.000 r  sys_clk (IN)
                         net (fo=0)                   0.000     0.000    sys_clk
    W5                   IBUF (Prop_ibuf_I_O)         0.226     0.226 r  sys_clk_IBUF_inst/O
                         net (fo=2, routed)           0.631     0.858    sys_clk_IBUF
    BUFGCTRL_X0Y0        BUFG (Prop_bufg_I_O)         0.026     0.884 r  sys_clk_IBUF_BUFG_inst/O
                         net (fo=61, routed)          0.593     1.476    reset_inst/CLK
    SLICE_X4Y5           FDRE                                         r  reset_inst/master_reset_reg/C
  -------------------------------------------------------------------    -------------------
    SLICE_X4Y5           FDRE (Prop_fdre_C_Q)         0.128     1.604 r  reset_inst/master_reset_reg/Q
                         net (fo=29, routed)          0.402     2.006    program_counter_inst/rst
    SLICE_X2Y3           FDRE                                         r  program_counter_inst/state_reg[4]/R
  -------------------------------------------------------------------    -------------------

                         (clock sys_clk_pin rise edge)
                                                      0.000     0.000 r  
    W5                                                0.000     0.000 r  sys_clk (IN)
                         net (fo=0)                   0.000     0.000    sys_clk
    W5                   IBUF (Prop_ibuf_I_O)         0.414     0.414 r  sys_clk_IBUF_inst/O
                         net (fo=2, routed)           1.323     1.737    db_step_inst/sys_clk_IBUF
    SLICE_X4Y9           LUT3 (Prop_lut3_I2_O)        0.056     1.793 r  db_step_inst/state[0]_i_2/O
                         net (fo=16, routed)          0.363     2.155    program_counter_inst/clk
    SLICE_X2Y3           FDRE                                         r  program_counter_inst/state_reg[4]/C
                         clock pessimism             -0.188     1.967    
    SLICE_X2Y3           FDRE (Hold_fdre_C_R)        -0.045     1.922    program_counter_inst/state_reg[4]
  -------------------------------------------------------------------
                         required time                         -1.922    
                         arrival time                           2.006    
  -------------------------------------------------------------------
                         slack                                  0.084    

Slack (MET) :             0.084ns  (arrival time - required time)
  Source:                 reset_inst/master_reset_reg/C
                            (rising edge-triggered cell FDRE clocked by sys_clk_pin  {rise@0.000ns fall@5.000ns period=10.000ns})
  Destination:            program_counter_inst/state_reg[5]/R
                            (rising edge-triggered cell FDRE clocked by sys_clk_pin  {rise@0.000ns fall@5.000ns period=10.000ns})
  Path Group:             sys_clk_pin
  Path Type:              Hold (Min at Fast Process Corner)
  Requirement:            0.000ns  (sys_clk_pin rise@0.000ns - sys_clk_pin rise@0.000ns)
  Data Path Delay:        0.530ns  (logic 0.128ns (24.154%)  route 0.402ns (75.846%))
  Logic Levels:           0  
  Clock Path Skew:        0.491ns (DCD - SCD - CPR)
    Destination Clock Delay (DCD):    2.155ns
    Source Clock Delay      (SCD):    1.476ns
    Clock Pessimism Removal (CPR):    0.188ns

    Location             Delay type                Incr(ns)  Path(ns)    Netlist Resource(s)
  -------------------------------------------------------------------    -------------------
                         (clock sys_clk_pin rise edge)
                                                      0.000     0.000 r  
    W5                                                0.000     0.000 r  sys_clk (IN)
                         net (fo=0)                   0.000     0.000    sys_clk
    W5                   IBUF (Prop_ibuf_I_O)         0.226     0.226 r  sys_clk_IBUF_inst/O
                         net (fo=2, routed)           0.631     0.858    sys_clk_IBUF
    BUFGCTRL_X0Y0        BUFG (Prop_bufg_I_O)         0.026     0.884 r  sys_clk_IBUF_BUFG_inst/O
                         net (fo=61, routed)          0.593     1.476    reset_inst/CLK
    SLICE_X4Y5           FDRE                                         r  reset_inst/master_reset_reg/C
  -------------------------------------------------------------------    -------------------
    SLICE_X4Y5           FDRE (Prop_fdre_C_Q)         0.128     1.604 r  reset_inst/master_reset_reg/Q
                         net (fo=29, routed)          0.402     2.006    program_counter_inst/rst
    SLICE_X2Y3           FDRE                                         r  program_counter_inst/state_reg[5]/R
  -------------------------------------------------------------------    -------------------

                         (clock sys_clk_pin rise edge)
                                                      0.000     0.000 r  
    W5                                                0.000     0.000 r  sys_clk (IN)
                         net (fo=0)                   0.000     0.000    sys_clk
    W5                   IBUF (Prop_ibuf_I_O)         0.414     0.414 r  sys_clk_IBUF_inst/O
                         net (fo=2, routed)           1.323     1.737    db_step_inst/sys_clk_IBUF
    SLICE_X4Y9           LUT3 (Prop_lut3_I2_O)        0.056     1.793 r  db_step_inst/state[0]_i_2/O
                         net (fo=16, routed)          0.363     2.155    program_counter_inst/clk
    SLICE_X2Y3           FDRE                                         r  program_counter_inst/state_reg[5]/C
                         clock pessimism             -0.188     1.967    
    SLICE_X2Y3           FDRE (Hold_fdre_C_R)        -0.045     1.922    program_counter_inst/state_reg[5]
  -------------------------------------------------------------------
                         required time                         -1.922    
                         arrival time                           2.006    
  -------------------------------------------------------------------
                         slack                                  0.084    

Slack (MET) :             0.084ns  (arrival time - required time)
  Source:                 reset_inst/master_reset_reg/C
                            (rising edge-triggered cell FDRE clocked by sys_clk_pin  {rise@0.000ns fall@5.000ns period=10.000ns})
  Destination:            program_counter_inst/state_reg[6]/R
                            (rising edge-triggered cell FDRE clocked by sys_clk_pin  {rise@0.000ns fall@5.000ns period=10.000ns})
  Path Group:             sys_clk_pin
  Path Type:              Hold (Min at Fast Process Corner)
  Requirement:            0.000ns  (sys_clk_pin rise@0.000ns - sys_clk_pin rise@0.000ns)
  Data Path Delay:        0.530ns  (logic 0.128ns (24.154%)  route 0.402ns (75.846%))
  Logic Levels:           0  
  Clock Path Skew:        0.491ns (DCD - SCD - CPR)
    Destination Clock Delay (DCD):    2.155ns
    Source Clock Delay      (SCD):    1.476ns
    Clock Pessimism Removal (CPR):    0.188ns

    Location             Delay type                Incr(ns)  Path(ns)    Netlist Resource(s)
  -------------------------------------------------------------------    -------------------
                         (clock sys_clk_pin rise edge)
                                                      0.000     0.000 r  
    W5                                                0.000     0.000 r  sys_clk (IN)
                         net (fo=0)                   0.000     0.000    sys_clk
    W5                   IBUF (Prop_ibuf_I_O)         0.226     0.226 r  sys_clk_IBUF_inst/O
                         net (fo=2, routed)           0.631     0.858    sys_clk_IBUF
    BUFGCTRL_X0Y0        BUFG (Prop_bufg_I_O)         0.026     0.884 r  sys_clk_IBUF_BUFG_inst/O
                         net (fo=61, routed)          0.593     1.476    reset_inst/CLK
    SLICE_X4Y5           FDRE                                         r  reset_inst/master_reset_reg/C
  -------------------------------------------------------------------    -------------------
    SLICE_X4Y5           FDRE (Prop_fdre_C_Q)         0.128     1.604 r  reset_inst/master_reset_reg/Q
                         net (fo=29, routed)          0.402     2.006    program_counter_inst/rst
    SLICE_X2Y3           FDRE                                         r  program_counter_inst/state_reg[6]/R
  -------------------------------------------------------------------    -------------------

                         (clock sys_clk_pin rise edge)
                                                      0.000     0.000 r  
    W5                                                0.000     0.000 r  sys_clk (IN)
                         net (fo=0)                   0.000     0.000    sys_clk
    W5                   IBUF (Prop_ibuf_I_O)         0.414     0.414 r  sys_clk_IBUF_inst/O
                         net (fo=2, routed)           1.323     1.737    db_step_inst/sys_clk_IBUF
    SLICE_X4Y9           LUT3 (Prop_lut3_I2_O)        0.056     1.793 r  db_step_inst/state[0]_i_2/O
                         net (fo=16, routed)          0.363     2.155    program_counter_inst/clk
    SLICE_X2Y3           FDRE                                         r  program_counter_inst/state_reg[6]/C
                         clock pessimism             -0.188     1.967    
    SLICE_X2Y3           FDRE (Hold_fdre_C_R)        -0.045     1.922    program_counter_inst/state_reg[6]
  -------------------------------------------------------------------
                         required time                         -1.922    
                         arrival time                           2.006    
  -------------------------------------------------------------------
                         slack                                  0.084    

Slack (MET) :             0.084ns  (arrival time - required time)
  Source:                 reset_inst/master_reset_reg/C
                            (rising edge-triggered cell FDRE clocked by sys_clk_pin  {rise@0.000ns fall@5.000ns period=10.000ns})
  Destination:            program_counter_inst/state_reg[7]/R
                            (rising edge-triggered cell FDRE clocked by sys_clk_pin  {rise@0.000ns fall@5.000ns period=10.000ns})
  Path Group:             sys_clk_pin
  Path Type:              Hold (Min at Fast Process Corner)
  Requirement:            0.000ns  (sys_clk_pin rise@0.000ns - sys_clk_pin rise@0.000ns)
  Data Path Delay:        0.530ns  (logic 0.128ns (24.154%)  route 0.402ns (75.846%))
  Logic Levels:           0  
  Clock Path Skew:        0.491ns (DCD - SCD - CPR)
    Destination Clock Delay (DCD):    2.155ns
    Source Clock Delay      (SCD):    1.476ns
    Clock Pessimism Removal (CPR):    0.188ns

    Location             Delay type                Incr(ns)  Path(ns)    Netlist Resource(s)
  -------------------------------------------------------------------    -------------------
                         (clock sys_clk_pin rise edge)
                                                      0.000     0.000 r  
    W5                                                0.000     0.000 r  sys_clk (IN)
                         net (fo=0)                   0.000     0.000    sys_clk
    W5                   IBUF (Prop_ibuf_I_O)         0.226     0.226 r  sys_clk_IBUF_inst/O
                         net (fo=2, routed)           0.631     0.858    sys_clk_IBUF
    BUFGCTRL_X0Y0        BUFG (Prop_bufg_I_O)         0.026     0.884 r  sys_clk_IBUF_BUFG_inst/O
                         net (fo=61, routed)          0.593     1.476    reset_inst/CLK
    SLICE_X4Y5           FDRE                                         r  reset_inst/master_reset_reg/C
  -------------------------------------------------------------------    -------------------
    SLICE_X4Y5           FDRE (Prop_fdre_C_Q)         0.128     1.604 r  reset_inst/master_reset_reg/Q
                         net (fo=29, routed)          0.402     2.006    program_counter_inst/rst
    SLICE_X2Y3           FDRE                                         r  program_counter_inst/state_reg[7]/R
  -------------------------------------------------------------------    -------------------

                         (clock sys_clk_pin rise edge)
                                                      0.000     0.000 r  
    W5                                                0.000     0.000 r  sys_clk (IN)
                         net (fo=0)                   0.000     0.000    sys_clk
    W5                   IBUF (Prop_ibuf_I_O)         0.414     0.414 r  sys_clk_IBUF_inst/O
                         net (fo=2, routed)           1.323     1.737    db_step_inst/sys_clk_IBUF
    SLICE_X4Y9           LUT3 (Prop_lut3_I2_O)        0.056     1.793 r  db_step_inst/state[0]_i_2/O
                         net (fo=16, routed)          0.363     2.155    program_counter_inst/clk
    SLICE_X2Y3           FDRE                                         r  program_counter_inst/state_reg[7]/C
                         clock pessimism             -0.188     1.967    
    SLICE_X2Y3           FDRE (Hold_fdre_C_R)        -0.045     1.922    program_counter_inst/state_reg[7]
  -------------------------------------------------------------------
                         required time                         -1.922    
                         arrival time                           2.006    
  -------------------------------------------------------------------
                         slack                                  0.084    

Slack (MET) :             0.087ns  (arrival time - required time)
  Source:                 reset_inst/master_reset_reg/C
                            (rising edge-triggered cell FDRE clocked by sys_clk_pin  {rise@0.000ns fall@5.000ns period=10.000ns})
  Destination:            program_counter_inst/state_reg[12]/R
                            (rising edge-triggered cell FDRE clocked by sys_clk_pin  {rise@0.000ns fall@5.000ns period=10.000ns})
  Path Group:             sys_clk_pin
  Path Type:              Hold (Min at Fast Process Corner)
  Requirement:            0.000ns  (sys_clk_pin rise@0.000ns - sys_clk_pin rise@0.000ns)
  Data Path Delay:        0.500ns  (logic 0.128ns (25.615%)  route 0.372ns (74.385%))
  Logic Levels:           0  
  Clock Path Skew:        0.458ns (DCD - SCD - CPR)
    Destination Clock Delay (DCD):    2.122ns
    Source Clock Delay      (SCD):    1.476ns
    Clock Pessimism Removal (CPR):    0.188ns

    Location             Delay type                Incr(ns)  Path(ns)    Netlist Resource(s)
  -------------------------------------------------------------------    -------------------
                         (clock sys_clk_pin rise edge)
                                                      0.000     0.000 r  
    W5                                                0.000     0.000 r  sys_clk (IN)
                         net (fo=0)                   0.000     0.000    sys_clk
    W5                   IBUF (Prop_ibuf_I_O)         0.226     0.226 r  sys_clk_IBUF_inst/O
                         net (fo=2, routed)           0.631     0.858    sys_clk_IBUF
    BUFGCTRL_X0Y0        BUFG (Prop_bufg_I_O)         0.026     0.884 r  sys_clk_IBUF_BUFG_inst/O
                         net (fo=61, routed)          0.593     1.476    reset_inst/CLK
    SLICE_X4Y5           FDRE                                         r  reset_inst/master_reset_reg/C
  -------------------------------------------------------------------    -------------------
    SLICE_X4Y5           FDRE (Prop_fdre_C_Q)         0.128     1.604 r  reset_inst/master_reset_reg/Q
                         net (fo=29, routed)          0.372     1.976    program_counter_inst/rst
    SLICE_X2Y5           FDRE                                         r  program_counter_inst/state_reg[12]/R
  -------------------------------------------------------------------    -------------------

                         (clock sys_clk_pin rise edge)
                                                      0.000     0.000 r  
    W5                                                0.000     0.000 r  sys_clk (IN)
                         net (fo=0)                   0.000     0.000    sys_clk
    W5                   IBUF (Prop_ibuf_I_O)         0.414     0.414 r  sys_clk_IBUF_inst/O
                         net (fo=2, routed)           1.323     1.737    db_step_inst/sys_clk_IBUF
    SLICE_X4Y9           LUT3 (Prop_lut3_I2_O)        0.056     1.793 r  db_step_inst/state[0]_i_2/O
                         net (fo=16, routed)          0.329     2.122    program_counter_inst/clk
    SLICE_X2Y5           FDRE                                         r  program_counter_inst/state_reg[12]/C
                         clock pessimism             -0.188     1.934    
    SLICE_X2Y5           FDRE (Hold_fdre_C_R)        -0.045     1.889    program_counter_inst/state_reg[12]
  -------------------------------------------------------------------
                         required time                         -1.889    
                         arrival time                           1.976    
  -------------------------------------------------------------------
                         slack                                  0.087    

Slack (MET) :             0.087ns  (arrival time - required time)
  Source:                 reset_inst/master_reset_reg/C
                            (rising edge-triggered cell FDRE clocked by sys_clk_pin  {rise@0.000ns fall@5.000ns period=10.000ns})
  Destination:            program_counter_inst/state_reg[13]/R
                            (rising edge-triggered cell FDRE clocked by sys_clk_pin  {rise@0.000ns fall@5.000ns period=10.000ns})
  Path Group:             sys_clk_pin
  Path Type:              Hold (Min at Fast Process Corner)
  Requirement:            0.000ns  (sys_clk_pin rise@0.000ns - sys_clk_pin rise@0.000ns)
  Data Path Delay:        0.500ns  (logic 0.128ns (25.615%)  route 0.372ns (74.385%))
  Logic Levels:           0  
  Clock Path Skew:        0.458ns (DCD - SCD - CPR)
    Destination Clock Delay (DCD):    2.122ns
    Source Clock Delay      (SCD):    1.476ns
    Clock Pessimism Removal (CPR):    0.188ns

    Location             Delay type                Incr(ns)  Path(ns)    Netlist Resource(s)
  -------------------------------------------------------------------    -------------------
                         (clock sys_clk_pin rise edge)
                                                      0.000     0.000 r  
    W5                                                0.000     0.000 r  sys_clk (IN)
                         net (fo=0)                   0.000     0.000    sys_clk
    W5                   IBUF (Prop_ibuf_I_O)         0.226     0.226 r  sys_clk_IBUF_inst/O
                         net (fo=2, routed)           0.631     0.858    sys_clk_IBUF
    BUFGCTRL_X0Y0        BUFG (Prop_bufg_I_O)         0.026     0.884 r  sys_clk_IBUF_BUFG_inst/O
                         net (fo=61, routed)          0.593     1.476    reset_inst/CLK
    SLICE_X4Y5           FDRE                                         r  reset_inst/master_reset_reg/C
  -------------------------------------------------------------------    -------------------
    SLICE_X4Y5           FDRE (Prop_fdre_C_Q)         0.128     1.604 r  reset_inst/master_reset_reg/Q
                         net (fo=29, routed)          0.372     1.976    program_counter_inst/rst
    SLICE_X2Y5           FDRE                                         r  program_counter_inst/state_reg[13]/R
  -------------------------------------------------------------------    -------------------

                         (clock sys_clk_pin rise edge)
                                                      0.000     0.000 r  
    W5                                                0.000     0.000 r  sys_clk (IN)
                         net (fo=0)                   0.000     0.000    sys_clk
    W5                   IBUF (Prop_ibuf_I_O)         0.414     0.414 r  sys_clk_IBUF_inst/O
                         net (fo=2, routed)           1.323     1.737    db_step_inst/sys_clk_IBUF
    SLICE_X4Y9           LUT3 (Prop_lut3_I2_O)        0.056     1.793 r  db_step_inst/state[0]_i_2/O
                         net (fo=16, routed)          0.329     2.122    program_counter_inst/clk
    SLICE_X2Y5           FDRE                                         r  program_counter_inst/state_reg[13]/C
                         clock pessimism             -0.188     1.934    
    SLICE_X2Y5           FDRE (Hold_fdre_C_R)        -0.045     1.889    program_counter_inst/state_reg[13]
  -------------------------------------------------------------------
                         required time                         -1.889    
                         arrival time                           1.976    
  -------------------------------------------------------------------
                         slack                                  0.087    

Slack (MET) :             0.087ns  (arrival time - required time)
  Source:                 reset_inst/master_reset_reg/C
                            (rising edge-triggered cell FDRE clocked by sys_clk_pin  {rise@0.000ns fall@5.000ns period=10.000ns})
  Destination:            program_counter_inst/state_reg[14]/R
                            (rising edge-triggered cell FDRE clocked by sys_clk_pin  {rise@0.000ns fall@5.000ns period=10.000ns})
  Path Group:             sys_clk_pin
  Path Type:              Hold (Min at Fast Process Corner)
  Requirement:            0.000ns  (sys_clk_pin rise@0.000ns - sys_clk_pin rise@0.000ns)
  Data Path Delay:        0.500ns  (logic 0.128ns (25.615%)  route 0.372ns (74.385%))
  Logic Levels:           0  
  Clock Path Skew:        0.458ns (DCD - SCD - CPR)
    Destination Clock Delay (DCD):    2.122ns
    Source Clock Delay      (SCD):    1.476ns
    Clock Pessimism Removal (CPR):    0.188ns

    Location             Delay type                Incr(ns)  Path(ns)    Netlist Resource(s)
  -------------------------------------------------------------------    -------------------
                         (clock sys_clk_pin rise edge)
                                                      0.000     0.000 r  
    W5                                                0.000     0.000 r  sys_clk (IN)
                         net (fo=0)                   0.000     0.000    sys_clk
    W5                   IBUF (Prop_ibuf_I_O)         0.226     0.226 r  sys_clk_IBUF_inst/O
                         net (fo=2, routed)           0.631     0.858    sys_clk_IBUF
    BUFGCTRL_X0Y0        BUFG (Prop_bufg_I_O)         0.026     0.884 r  sys_clk_IBUF_BUFG_inst/O
                         net (fo=61, routed)          0.593     1.476    reset_inst/CLK
    SLICE_X4Y5           FDRE                                         r  reset_inst/master_reset_reg/C
  -------------------------------------------------------------------    -------------------
    SLICE_X4Y5           FDRE (Prop_fdre_C_Q)         0.128     1.604 r  reset_inst/master_reset_reg/Q
                         net (fo=29, routed)          0.372     1.976    program_counter_inst/rst
    SLICE_X2Y5           FDRE                                         r  program_counter_inst/state_reg[14]/R
  -------------------------------------------------------------------    -------------------

                         (clock sys_clk_pin rise edge)
                                                      0.000     0.000 r  
    W5                                                0.000     0.000 r  sys_clk (IN)
                         net (fo=0)                   0.000     0.000    sys_clk
    W5                   IBUF (Prop_ibuf_I_O)         0.414     0.414 r  sys_clk_IBUF_inst/O
                         net (fo=2, routed)           1.323     1.737    db_step_inst/sys_clk_IBUF
    SLICE_X4Y9           LUT3 (Prop_lut3_I2_O)        0.056     1.793 r  db_step_inst/state[0]_i_2/O
                         net (fo=16, routed)          0.329     2.122    program_counter_inst/clk
    SLICE_X2Y5           FDRE                                         r  program_counter_inst/state_reg[14]/C
                         clock pessimism             -0.188     1.934    
    SLICE_X2Y5           FDRE (Hold_fdre_C_R)        -0.045     1.889    program_counter_inst/state_reg[14]
  -------------------------------------------------------------------
                         required time                         -1.889    
                         arrival time                           1.976    
  -------------------------------------------------------------------
                         slack                                  0.087    

Slack (MET) :             0.087ns  (arrival time - required time)
  Source:                 reset_inst/master_reset_reg/C
                            (rising edge-triggered cell FDRE clocked by sys_clk_pin  {rise@0.000ns fall@5.000ns period=10.000ns})
  Destination:            program_counter_inst/state_reg[15]/R
                            (rising edge-triggered cell FDRE clocked by sys_clk_pin  {rise@0.000ns fall@5.000ns period=10.000ns})
  Path Group:             sys_clk_pin
  Path Type:              Hold (Min at Fast Process Corner)
  Requirement:            0.000ns  (sys_clk_pin rise@0.000ns - sys_clk_pin rise@0.000ns)
  Data Path Delay:        0.500ns  (logic 0.128ns (25.615%)  route 0.372ns (74.385%))
  Logic Levels:           0  
  Clock Path Skew:        0.458ns (DCD - SCD - CPR)
    Destination Clock Delay (DCD):    2.122ns
    Source Clock Delay      (SCD):    1.476ns
    Clock Pessimism Removal (CPR):    0.188ns

    Location             Delay type                Incr(ns)  Path(ns)    Netlist Resource(s)
  -------------------------------------------------------------------    -------------------
                         (clock sys_clk_pin rise edge)
                                                      0.000     0.000 r  
    W5                                                0.000     0.000 r  sys_clk (IN)
                         net (fo=0)                   0.000     0.000    sys_clk
    W5                   IBUF (Prop_ibuf_I_O)         0.226     0.226 r  sys_clk_IBUF_inst/O
                         net (fo=2, routed)           0.631     0.858    sys_clk_IBUF
    BUFGCTRL_X0Y0        BUFG (Prop_bufg_I_O)         0.026     0.884 r  sys_clk_IBUF_BUFG_inst/O
                         net (fo=61, routed)          0.593     1.476    reset_inst/CLK
    SLICE_X4Y5           FDRE                                         r  reset_inst/master_reset_reg/C
  -------------------------------------------------------------------    -------------------
    SLICE_X4Y5           FDRE (Prop_fdre_C_Q)         0.128     1.604 r  reset_inst/master_reset_reg/Q
                         net (fo=29, routed)          0.372     1.976    program_counter_inst/rst
    SLICE_X2Y5           FDRE                                         r  program_counter_inst/state_reg[15]/R
  -------------------------------------------------------------------    -------------------

                         (clock sys_clk_pin rise edge)
                                                      0.000     0.000 r  
    W5                                                0.000     0.000 r  sys_clk (IN)
                         net (fo=0)                   0.000     0.000    sys_clk
    W5                   IBUF (Prop_ibuf_I_O)         0.414     0.414 r  sys_clk_IBUF_inst/O
                         net (fo=2, routed)           1.323     1.737    db_step_inst/sys_clk_IBUF
    SLICE_X4Y9           LUT3 (Prop_lut3_I2_O)        0.056     1.793 r  db_step_inst/state[0]_i_2/O
                         net (fo=16, routed)          0.329     2.122    program_counter_inst/clk
    SLICE_X2Y5           FDRE                                         r  program_counter_inst/state_reg[15]/C
                         clock pessimism             -0.188     1.934    
    SLICE_X2Y5           FDRE (Hold_fdre_C_R)        -0.045     1.889    program_counter_inst/state_reg[15]
  -------------------------------------------------------------------
                         required time                         -1.889    
                         arrival time                           1.976    
  -------------------------------------------------------------------
                         slack                                  0.087    

Slack (MET) :             0.187ns  (arrival time - required time)
  Source:                 db_step_inst/shift_reg_reg[3]/C
                            (rising edge-triggered cell FDRE clocked by sys_clk_pin  {rise@0.000ns fall@5.000ns period=10.000ns})
  Destination:            db_step_inst/shift_reg_reg[4]/D
                            (rising edge-triggered cell FDRE clocked by sys_clk_pin  {rise@0.000ns fall@5.000ns period=10.000ns})
  Path Group:             sys_clk_pin
  Path Type:              Hold (Min at Fast Process Corner)
  Requirement:            0.000ns  (sys_clk_pin rise@0.000ns - sys_clk_pin rise@0.000ns)
  Data Path Delay:        0.262ns  (logic 0.141ns (53.794%)  route 0.121ns (46.206%))
  Logic Levels:           0  
  Clock Path Skew:        0.000ns (DCD - SCD - CPR)
    Destination Clock Delay (DCD):    1.992ns
    Source Clock Delay      (SCD):    1.477ns
    Clock Pessimism Removal (CPR):    0.515ns

    Location             Delay type                Incr(ns)  Path(ns)    Netlist Resource(s)
  -------------------------------------------------------------------    -------------------
                         (clock sys_clk_pin rise edge)
                                                      0.000     0.000 r  
    W5                                                0.000     0.000 r  sys_clk (IN)
                         net (fo=0)                   0.000     0.000    sys_clk
    W5                   IBUF (Prop_ibuf_I_O)         0.226     0.226 r  sys_clk_IBUF_inst/O
                         net (fo=2, routed)           0.631     0.858    sys_clk_IBUF
    BUFGCTRL_X0Y0        BUFG (Prop_bufg_I_O)         0.026     0.884 r  sys_clk_IBUF_BUFG_inst/O
                         net (fo=61, routed)          0.594     1.477    db_step_inst/CLK
    SLICE_X5Y0           FDRE                                         r  db_step_inst/shift_reg_reg[3]/C
  -------------------------------------------------------------------    -------------------
    SLICE_X5Y0           FDRE (Prop_fdre_C_Q)         0.141     1.618 r  db_step_inst/shift_reg_reg[3]/Q
                         net (fo=3, routed)           0.121     1.739    db_step_inst/shift_reg[3]
    SLICE_X5Y0           FDRE                                         r  db_step_inst/shift_reg_reg[4]/D
  -------------------------------------------------------------------    -------------------

                         (clock sys_clk_pin rise edge)
                                                      0.000     0.000 r  
    W5                                                0.000     0.000 r  sys_clk (IN)
                         net (fo=0)                   0.000     0.000    sys_clk
    W5                   IBUF (Prop_ibuf_I_O)         0.414     0.414 r  sys_clk_IBUF_inst/O
                         net (fo=2, routed)           0.685     1.099    sys_clk_IBUF
    BUFGCTRL_X0Y0        BUFG (Prop_bufg_I_O)         0.029     1.128 r  sys_clk_IBUF_BUFG_inst/O
                         net (fo=61, routed)          0.865     1.992    db_step_inst/CLK
    SLICE_X5Y0           FDRE                                         r  db_step_inst/shift_reg_reg[4]/C
                         clock pessimism             -0.515     1.477    
    SLICE_X5Y0           FDRE (Hold_fdre_C_D)         0.075     1.552    db_step_inst/shift_reg_reg[4]
  -------------------------------------------------------------------
                         required time                         -1.552    
                         arrival time                           1.739    
  -------------------------------------------------------------------
                         slack                                  0.187    

Slack (MET) :             0.188ns  (arrival time - required time)
  Source:                 reset_inst/master_reset_reg/C
                            (rising edge-triggered cell FDRE clocked by sys_clk_pin  {rise@0.000ns fall@5.000ns period=10.000ns})
  Destination:            program_counter_inst/state_reg[10]/R
                            (rising edge-triggered cell FDRE clocked by sys_clk_pin  {rise@0.000ns fall@5.000ns period=10.000ns})
  Path Group:             sys_clk_pin
  Path Type:              Hold (Min at Fast Process Corner)
  Requirement:            0.000ns  (sys_clk_pin rise@0.000ns - sys_clk_pin rise@0.000ns)
  Data Path Delay:        0.665ns  (logic 0.128ns (19.237%)  route 0.537ns (80.763%))
  Logic Levels:           0  
  Clock Path Skew:        0.522ns (DCD - SCD - CPR)
    Destination Clock Delay (DCD):    2.186ns
    Source Clock Delay      (SCD):    1.476ns
    Clock Pessimism Removal (CPR):    0.188ns

    Location             Delay type                Incr(ns)  Path(ns)    Netlist Resource(s)
  -------------------------------------------------------------------    -------------------
                         (clock sys_clk_pin rise edge)
                                                      0.000     0.000 r  
    W5                                                0.000     0.000 r  sys_clk (IN)
                         net (fo=0)                   0.000     0.000    sys_clk
    W5                   IBUF (Prop_ibuf_I_O)         0.226     0.226 r  sys_clk_IBUF_inst/O
                         net (fo=2, routed)           0.631     0.858    sys_clk_IBUF
    BUFGCTRL_X0Y0        BUFG (Prop_bufg_I_O)         0.026     0.884 r  sys_clk_IBUF_BUFG_inst/O
                         net (fo=61, routed)          0.593     1.476    reset_inst/CLK
    SLICE_X4Y5           FDRE                                         r  reset_inst/master_reset_reg/C
  -------------------------------------------------------------------    -------------------
    SLICE_X4Y5           FDRE (Prop_fdre_C_Q)         0.128     1.604 r  reset_inst/master_reset_reg/Q
                         net (fo=29, routed)          0.537     2.141    program_counter_inst/rst
    SLICE_X2Y4           FDRE                                         r  program_counter_inst/state_reg[10]/R
  -------------------------------------------------------------------    -------------------

                         (clock sys_clk_pin rise edge)
                                                      0.000     0.000 r  
    W5                                                0.000     0.000 r  sys_clk (IN)
                         net (fo=0)                   0.000     0.000    sys_clk
    W5                   IBUF (Prop_ibuf_I_O)         0.414     0.414 r  sys_clk_IBUF_inst/O
                         net (fo=2, routed)           1.323     1.737    db_step_inst/sys_clk_IBUF
    SLICE_X4Y9           LUT3 (Prop_lut3_I2_O)        0.056     1.793 r  db_step_inst/state[0]_i_2/O
                         net (fo=16, routed)          0.393     2.186    program_counter_inst/clk
    SLICE_X2Y4           FDRE                                         r  program_counter_inst/state_reg[10]/C
                         clock pessimism             -0.188     1.998    
    SLICE_X2Y4           FDRE (Hold_fdre_C_R)        -0.045     1.953    program_counter_inst/state_reg[10]
  -------------------------------------------------------------------
                         required time                         -1.953    
                         arrival time                           2.141    
  -------------------------------------------------------------------
                         slack                                  0.188    





Pulse Width Checks
--------------------------------------------------------------------------------------
Clock Name:         sys_clk_pin
Waveform(ns):       { 0.000 5.000 }
Period(ns):         10.000
Sources:            { sys_clk }

Check Type        Corner  Lib Pin  Reference Pin  Required(ns)  Actual(ns)  Slack(ns)  Location       Pin
Min Period        n/a     BUFG/I   n/a            2.155         10.000      7.845      BUFGCTRL_X0Y0  sys_clk_IBUF_BUFG_inst/I
Min Period        n/a     FDRE/C   n/a            1.000         10.000      9.000      SLICE_X4Y9     db_step_inst/sample_counter_reg[0]/C
Min Period        n/a     FDRE/C   n/a            1.000         10.000      9.000      SLICE_X4Y9     db_step_inst/sample_counter_reg[1]/C
Min Period        n/a     FDRE/C   n/a            1.000         10.000      9.000      SLICE_X4Y9     db_step_inst/sample_counter_reg[2]/C
Min Period        n/a     FDRE/C   n/a            1.000         10.000      9.000      SLICE_X4Y9     db_step_inst/sample_counter_reg[3]/C
Min Period        n/a     FDRE/C   n/a            1.000         10.000      9.000      SLICE_X4Y9     db_step_inst/sample_counter_reg[4]/C
Min Period        n/a     FDRE/C   n/a            1.000         10.000      9.000      SLICE_X4Y8     db_step_inst/sample_counter_reg[5]/C
Min Period        n/a     FDRE/C   n/a            1.000         10.000      9.000      SLICE_X4Y6     db_step_inst/sample_counter_reg[6]/C
Min Period        n/a     FDRE/C   n/a            1.000         10.000      9.000      SLICE_X4Y6     db_step_inst/sample_counter_reg[7]/C
Min Period        n/a     FDRE/C   n/a            1.000         10.000      9.000      SLICE_X4Y6     db_step_inst/sample_counter_reg[8]/C
Low Pulse Width   Slow    FDRE/C   n/a            0.500         5.000       4.500      SLICE_X4Y9     db_step_inst/sample_counter_reg[0]/C
Low Pulse Width   Fast    FDRE/C   n/a            0.500         5.000       4.500      SLICE_X4Y9     db_step_inst/sample_counter_reg[0]/C
Low Pulse Width   Slow    FDRE/C   n/a            0.500         5.000       4.500      SLICE_X4Y9     db_step_inst/sample_counter_reg[1]/C
Low Pulse Width   Fast    FDRE/C   n/a            0.500         5.000       4.500      SLICE_X4Y9     db_step_inst/sample_counter_reg[1]/C
Low Pulse Width   Slow    FDRE/C   n/a            0.500         5.000       4.500      SLICE_X4Y9     db_step_inst/sample_counter_reg[2]/C
Low Pulse Width   Fast    FDRE/C   n/a            0.500         5.000       4.500      SLICE_X4Y9     db_step_inst/sample_counter_reg[2]/C
Low Pulse Width   Slow    FDRE/C   n/a            0.500         5.000       4.500      SLICE_X4Y9     db_step_inst/sample_counter_reg[3]/C
Low Pulse Width   Fast    FDRE/C   n/a            0.500         5.000       4.500      SLICE_X4Y9     db_step_inst/sample_counter_reg[3]/C
Low Pulse Width   Slow    FDRE/C   n/a            0.500         5.000       4.500      SLICE_X4Y9     db_step_inst/sample_counter_reg[4]/C
Low Pulse Width   Fast    FDRE/C   n/a            0.500         5.000       4.500      SLICE_X4Y9     db_step_inst/sample_counter_reg[4]/C
High Pulse Width  Slow    FDRE/C   n/a            0.500         5.000       4.500      SLICE_X4Y9     db_step_inst/sample_counter_reg[0]/C
High Pulse Width  Fast    FDRE/C   n/a            0.500         5.000       4.500      SLICE_X4Y9     db_step_inst/sample_counter_reg[0]/C
High Pulse Width  Slow    FDRE/C   n/a            0.500         5.000       4.500      SLICE_X4Y9     db_step_inst/sample_counter_reg[1]/C
High Pulse Width  Fast    FDRE/C   n/a            0.500         5.000       4.500      SLICE_X4Y9     db_step_inst/sample_counter_reg[1]/C
High Pulse Width  Slow    FDRE/C   n/a            0.500         5.000       4.500      SLICE_X4Y9     db_step_inst/sample_counter_reg[2]/C
High Pulse Width  Fast    FDRE/C   n/a            0.500         5.000       4.500      SLICE_X4Y9     db_step_inst/sample_counter_reg[2]/C
High Pulse Width  Slow    FDRE/C   n/a            0.500         5.000       4.500      SLICE_X4Y9     db_step_inst/sample_counter_reg[3]/C
High Pulse Width  Fast    FDRE/C   n/a            0.500         5.000       4.500      SLICE_X4Y9     db_step_inst/sample_counter_reg[3]/C
High Pulse Width  Slow    FDRE/C   n/a            0.500         5.000       4.500      SLICE_X4Y9     db_step_inst/sample_counter_reg[4]/C
High Pulse Width  Fast    FDRE/C   n/a            0.500         5.000       4.500      SLICE_X4Y9     db_step_inst/sample_counter_reg[4]/C



--------------------------------------------------------------------------------------
Path Group:  (none)
From Clock:  sys_clk_pin
  To Clock:  

Max Delay            27 Endpoints
Min Delay            27 Endpoints
--------------------------------------------------------------------------------------


Max Delay Paths
--------------------------------------------------------------------------------------
Slack:                    inf
  Source:                 program_counter_inst/state_reg[7]/C
                            (rising edge-triggered cell FDRE clocked by sys_clk_pin  {rise@0.000ns fall@5.000ns period=10.000ns})
  Destination:            io_7seg_seg[0]
                            (output port)
  Path Group:             (none)
  Path Type:              Max at Slow Process Corner
  Data Path Delay:        10.669ns  (logic 4.505ns (42.220%)  route 6.165ns (57.780%))
  Logic Levels:           3  (LUT4=1 LUT6=1 OBUF=1)
  Clock Uncertainty:      0.025ns  ((TSJ^2 + TIJ^2)^1/2 + DJ) / 2 + PE
    Total System Jitter     (TSJ):    0.050ns
    Total Input Jitter      (TIJ):    0.000ns
    Discrete Jitter          (DJ):    0.000ns
    Phase Error              (PE):    0.000ns

    Location             Delay type                Incr(ns)  Path(ns)    Netlist Resource(s)
  -------------------------------------------------------------------    -------------------
                         (clock sys_clk_pin rise edge)
                                                      0.000     0.000 r  
    W5                                                0.000     0.000 r  sys_clk (IN)
                         net (fo=0)                   0.000     0.000    sys_clk
    W5                   IBUF (Prop_ibuf_I_O)         1.458     1.458 r  sys_clk_IBUF_inst/O
                         net (fo=2, routed)           2.740     4.198    db_step_inst/sys_clk_IBUF
    SLICE_X4Y9           LUT3 (Prop_lut3_I2_O)        0.124     4.322 r  db_step_inst/state[0]_i_2/O
                         net (fo=16, routed)          0.771     5.092    program_counter_inst/clk
    SLICE_X2Y3           FDRE                                         r  program_counter_inst/state_reg[7]/C
  -------------------------------------------------------------------    -------------------
    SLICE_X2Y3           FDRE (Prop_fdre_C_Q)         0.518     5.610 r  program_counter_inst/state_reg[7]/Q
                         net (fo=3, routed)           1.389     6.999    program_counter_inst/io_led_OBUF[7]
    SLICE_X4Y5           LUT6 (Prop_lut6_I5_O)        0.124     7.123 r  program_counter_inst/io_7seg_seg_OBUF[6]_inst_i_2/O
                         net (fo=7, routed)           0.872     7.995    program_counter_inst/sel0[3]
    SLICE_X6Y5           LUT4 (Prop_lut4_I0_O)        0.148     8.143 r  program_counter_inst/io_7seg_seg_OBUF[0]_inst_i_1/O
                         net (fo=1, routed)           3.904    12.047    io_7seg_seg_OBUF[0]
    W7                   OBUF (Prop_obuf_I_O)         3.715    15.762 r  io_7seg_seg_OBUF[0]_inst/O
                         net (fo=0)                   0.000    15.762    io_7seg_seg[0]
    W7                                                                r  io_7seg_seg[0] (OUT)
  -------------------------------------------------------------------    -------------------

Slack:                    inf
  Source:                 program_counter_inst/state_reg[9]/C
                            (rising edge-triggered cell FDRE clocked by sys_clk_pin  {rise@0.000ns fall@5.000ns period=10.000ns})
  Destination:            io_7seg_seg[5]
                            (output port)
  Path Group:             (none)
  Path Type:              Max at Slow Process Corner
  Data Path Delay:        10.402ns  (logic 4.506ns (43.324%)  route 5.895ns (56.676%))
  Logic Levels:           3  (LUT4=1 LUT6=1 OBUF=1)
  Clock Uncertainty:      0.025ns  ((TSJ^2 + TIJ^2)^1/2 + DJ) / 2 + PE
    Total System Jitter     (TSJ):    0.050ns
    Total Input Jitter      (TIJ):    0.000ns
    Discrete Jitter          (DJ):    0.000ns
    Phase Error              (PE):    0.000ns

    Location             Delay type                Incr(ns)  Path(ns)    Netlist Resource(s)
  -------------------------------------------------------------------    -------------------
                         (clock sys_clk_pin rise edge)
                                                      0.000     0.000 r  
    W5                                                0.000     0.000 r  sys_clk (IN)
                         net (fo=0)                   0.000     0.000    sys_clk
    W5                   IBUF (Prop_ibuf_I_O)         1.458     1.458 r  sys_clk_IBUF_inst/O
                         net (fo=2, routed)           2.740     4.198    db_step_inst/sys_clk_IBUF
    SLICE_X4Y9           LUT3 (Prop_lut3_I2_O)        0.124     4.322 r  db_step_inst/state[0]_i_2/O
                         net (fo=16, routed)          0.831     5.153    program_counter_inst/clk
    SLICE_X2Y4           FDRE                                         r  program_counter_inst/state_reg[9]/C
  -------------------------------------------------------------------    -------------------
    SLICE_X2Y4           FDRE (Prop_fdre_C_Q)         0.518     5.671 r  program_counter_inst/state_reg[9]/Q
                         net (fo=3, routed)           1.383     7.054    program_counter_inst/io_led_OBUF[9]
    SLICE_X4Y4           LUT6 (Prop_lut6_I0_O)        0.124     7.178 r  program_counter_inst/io_7seg_seg_OBUF[6]_inst_i_5/O
                         net (fo=7, routed)           0.812     7.990    program_counter_inst/sel0[1]
    SLICE_X6Y5           LUT4 (Prop_lut4_I3_O)        0.153     8.143 r  program_counter_inst/io_7seg_seg_OBUF[5]_inst_i_1/O
                         net (fo=1, routed)           3.700    11.843    io_7seg_seg_OBUF[5]
    V5                   OBUF (Prop_obuf_I_O)         3.711    15.555 r  io_7seg_seg_OBUF[5]_inst/O
                         net (fo=0)                   0.000    15.555    io_7seg_seg[5]
    V5                                                                r  io_7seg_seg[5] (OUT)
  -------------------------------------------------------------------    -------------------

Slack:                    inf
  Source:                 program_counter_inst/state_reg[7]/C
                            (rising edge-triggered cell FDRE clocked by sys_clk_pin  {rise@0.000ns fall@5.000ns period=10.000ns})
  Destination:            io_7seg_seg[1]
                            (output port)
  Path Group:             (none)
  Path Type:              Max at Slow Process Corner
  Data Path Delay:        10.458ns  (logic 4.295ns (41.069%)  route 6.163ns (58.931%))
  Logic Levels:           3  (LUT4=1 LUT6=1 OBUF=1)
  Clock Uncertainty:      0.025ns  ((TSJ^2 + TIJ^2)^1/2 + DJ) / 2 + PE
    Total System Jitter     (TSJ):    0.050ns
    Total Input Jitter      (TIJ):    0.000ns
    Discrete Jitter          (DJ):    0.000ns
    Phase Error              (PE):    0.000ns

    Location             Delay type                Incr(ns)  Path(ns)    Netlist Resource(s)
  -------------------------------------------------------------------    -------------------
                         (clock sys_clk_pin rise edge)
                                                      0.000     0.000 r  
    W5                                                0.000     0.000 r  sys_clk (IN)
                         net (fo=0)                   0.000     0.000    sys_clk
    W5                   IBUF (Prop_ibuf_I_O)         1.458     1.458 r  sys_clk_IBUF_inst/O
                         net (fo=2, routed)           2.740     4.198    db_step_inst/sys_clk_IBUF
    SLICE_X4Y9           LUT3 (Prop_lut3_I2_O)        0.124     4.322 r  db_step_inst/state[0]_i_2/O
                         net (fo=16, routed)          0.771     5.092    program_counter_inst/clk
    SLICE_X2Y3           FDRE                                         r  program_counter_inst/state_reg[7]/C
  -------------------------------------------------------------------    -------------------
    SLICE_X2Y3           FDRE (Prop_fdre_C_Q)         0.518     5.610 r  program_counter_inst/state_reg[7]/Q
                         net (fo=3, routed)           1.389     6.999    program_counter_inst/io_led_OBUF[7]
    SLICE_X4Y5           LUT6 (Prop_lut6_I5_O)        0.124     7.123 r  program_counter_inst/io_7seg_seg_OBUF[6]_inst_i_2/O
                         net (fo=7, routed)           0.872     7.995    program_counter_inst/sel0[3]
    SLICE_X6Y5           LUT4 (Prop_lut4_I0_O)        0.124     8.119 r  program_counter_inst/io_7seg_seg_OBUF[1]_inst_i_1/O
                         net (fo=1, routed)           3.903    12.022    io_7seg_seg_OBUF[1]
    W6                   OBUF (Prop_obuf_I_O)         3.529    15.551 r  io_7seg_seg_OBUF[1]_inst/O
                         net (fo=0)                   0.000    15.551    io_7seg_seg[1]
    W6                                                                r  io_7seg_seg[1] (OUT)
  -------------------------------------------------------------------    -------------------

Slack:                    inf
  Source:                 program_counter_inst/state_reg[9]/C
                            (rising edge-triggered cell FDRE clocked by sys_clk_pin  {rise@0.000ns fall@5.000ns period=10.000ns})
  Destination:            io_7seg_seg[2]
                            (output port)
  Path Group:             (none)
  Path Type:              Max at Slow Process Corner
  Data Path Delay:        10.234ns  (logic 4.301ns (42.028%)  route 5.933ns (57.972%))
  Logic Levels:           3  (LUT4=1 LUT6=1 OBUF=1)
  Clock Uncertainty:      0.025ns  ((TSJ^2 + TIJ^2)^1/2 + DJ) / 2 + PE
    Total System Jitter     (TSJ):    0.050ns
    Total Input Jitter      (TIJ):    0.000ns
    Discrete Jitter          (DJ):    0.000ns
    Phase Error              (PE):    0.000ns

    Location             Delay type                Incr(ns)  Path(ns)    Netlist Resource(s)
  -------------------------------------------------------------------    -------------------
                         (clock sys_clk_pin rise edge)
                                                      0.000     0.000 r  
    W5                                                0.000     0.000 r  sys_clk (IN)
                         net (fo=0)                   0.000     0.000    sys_clk
    W5                   IBUF (Prop_ibuf_I_O)         1.458     1.458 r  sys_clk_IBUF_inst/O
                         net (fo=2, routed)           2.740     4.198    db_step_inst/sys_clk_IBUF
    SLICE_X4Y9           LUT3 (Prop_lut3_I2_O)        0.124     4.322 r  db_step_inst/state[0]_i_2/O
                         net (fo=16, routed)          0.831     5.153    program_counter_inst/clk
    SLICE_X2Y4           FDRE                                         r  program_counter_inst/state_reg[9]/C
  -------------------------------------------------------------------    -------------------
    SLICE_X2Y4           FDRE (Prop_fdre_C_Q)         0.518     5.671 r  program_counter_inst/state_reg[9]/Q
                         net (fo=3, routed)           1.383     7.054    program_counter_inst/io_led_OBUF[9]
    SLICE_X4Y4           LUT6 (Prop_lut6_I0_O)        0.124     7.178 r  program_counter_inst/io_7seg_seg_OBUF[6]_inst_i_5/O
                         net (fo=7, routed)           0.815     7.993    program_counter_inst/sel0[1]
    SLICE_X6Y5           LUT4 (Prop_lut4_I2_O)        0.124     8.117 r  program_counter_inst/io_7seg_seg_OBUF[2]_inst_i_1/O
                         net (fo=1, routed)           3.735    11.852    io_7seg_seg_OBUF[2]
    U8                   OBUF (Prop_obuf_I_O)         3.535    15.387 r  io_7seg_seg_OBUF[2]_inst/O
                         net (fo=0)                   0.000    15.387    io_7seg_seg[2]
    U8                                                                r  io_7seg_seg[2] (OUT)
  -------------------------------------------------------------------    -------------------

Slack:                    inf
  Source:                 program_counter_inst/state_reg[9]/C
                            (rising edge-triggered cell FDRE clocked by sys_clk_pin  {rise@0.000ns fall@5.000ns period=10.000ns})
  Destination:            io_7seg_seg[4]
                            (output port)
  Path Group:             (none)
  Path Type:              Max at Slow Process Corner
  Data Path Delay:        10.180ns  (logic 4.286ns (42.101%)  route 5.894ns (57.899%))
  Logic Levels:           3  (LUT4=1 LUT6=1 OBUF=1)
  Clock Uncertainty:      0.025ns  ((TSJ^2 + TIJ^2)^1/2 + DJ) / 2 + PE
    Total System Jitter     (TSJ):    0.050ns
    Total Input Jitter      (TIJ):    0.000ns
    Discrete Jitter          (DJ):    0.000ns
    Phase Error              (PE):    0.000ns

    Location             Delay type                Incr(ns)  Path(ns)    Netlist Resource(s)
  -------------------------------------------------------------------    -------------------
                         (clock sys_clk_pin rise edge)
                                                      0.000     0.000 r  
    W5                                                0.000     0.000 r  sys_clk (IN)
                         net (fo=0)                   0.000     0.000    sys_clk
    W5                   IBUF (Prop_ibuf_I_O)         1.458     1.458 r  sys_clk_IBUF_inst/O
                         net (fo=2, routed)           2.740     4.198    db_step_inst/sys_clk_IBUF
    SLICE_X4Y9           LUT3 (Prop_lut3_I2_O)        0.124     4.322 r  db_step_inst/state[0]_i_2/O
                         net (fo=16, routed)          0.831     5.153    program_counter_inst/clk
    SLICE_X2Y4           FDRE                                         r  program_counter_inst/state_reg[9]/C
  -------------------------------------------------------------------    -------------------
    SLICE_X2Y4           FDRE (Prop_fdre_C_Q)         0.518     5.671 f  program_counter_inst/state_reg[9]/Q
                         net (fo=3, routed)           1.383     7.054    program_counter_inst/io_led_OBUF[9]
    SLICE_X4Y4           LUT6 (Prop_lut6_I0_O)        0.124     7.178 f  program_counter_inst/io_7seg_seg_OBUF[6]_inst_i_5/O
                         net (fo=7, routed)           0.812     7.990    program_counter_inst/sel0[1]
    SLICE_X6Y5           LUT4 (Prop_lut4_I1_O)        0.124     8.114 r  program_counter_inst/io_7seg_seg_OBUF[4]_inst_i_1/O
                         net (fo=1, routed)           3.699    11.813    io_7seg_seg_OBUF[4]
    U5                   OBUF (Prop_obuf_I_O)         3.520    15.333 r  io_7seg_seg_OBUF[4]_inst/O
                         net (fo=0)                   0.000    15.333    io_7seg_seg[4]
    U5                                                                r  io_7seg_seg[4] (OUT)
  -------------------------------------------------------------------    -------------------

Slack:                    inf
  Source:                 program_counter_inst/state_reg[9]/C
                            (rising edge-triggered cell FDRE clocked by sys_clk_pin  {rise@0.000ns fall@5.000ns period=10.000ns})
  Destination:            io_7seg_seg[3]
                            (output port)
  Path Group:             (none)
  Path Type:              Max at Slow Process Corner
  Data Path Delay:        10.010ns  (logic 4.554ns (45.491%)  route 5.456ns (54.509%))
  Logic Levels:           3  (LUT4=1 LUT6=1 OBUF=1)
  Clock Uncertainty:      0.025ns  ((TSJ^2 + TIJ^2)^1/2 + DJ) / 2 + PE
    Total System Jitter     (TSJ):    0.050ns
    Total Input Jitter      (TIJ):    0.000ns
    Discrete Jitter          (DJ):    0.000ns
    Phase Error              (PE):    0.000ns

    Location             Delay type                Incr(ns)  Path(ns)    Netlist Resource(s)
  -------------------------------------------------------------------    -------------------
                         (clock sys_clk_pin rise edge)
                                                      0.000     0.000 r  
    W5                                                0.000     0.000 r  sys_clk (IN)
                         net (fo=0)                   0.000     0.000    sys_clk
    W5                   IBUF (Prop_ibuf_I_O)         1.458     1.458 r  sys_clk_IBUF_inst/O
                         net (fo=2, routed)           2.740     4.198    db_step_inst/sys_clk_IBUF
    SLICE_X4Y9           LUT3 (Prop_lut3_I2_O)        0.124     4.322 r  db_step_inst/state[0]_i_2/O
                         net (fo=16, routed)          0.831     5.153    program_counter_inst/clk
    SLICE_X2Y4           FDRE                                         r  program_counter_inst/state_reg[9]/C
  -------------------------------------------------------------------    -------------------
    SLICE_X2Y4           FDRE (Prop_fdre_C_Q)         0.518     5.671 r  program_counter_inst/state_reg[9]/Q
                         net (fo=3, routed)           1.383     7.054    program_counter_inst/io_led_OBUF[9]
    SLICE_X4Y4           LUT6 (Prop_lut6_I0_O)        0.124     7.178 r  program_counter_inst/io_7seg_seg_OBUF[6]_inst_i_5/O
                         net (fo=7, routed)           0.815     7.993    program_counter_inst/sel0[1]
    SLICE_X6Y5           LUT4 (Prop_lut4_I3_O)        0.152     8.145 r  program_counter_inst/io_7seg_seg_OBUF[3]_inst_i_1/O
                         net (fo=1, routed)           3.258    11.403    io_7seg_seg_OBUF[3]
    V8                   OBUF (Prop_obuf_I_O)         3.760    15.163 r  io_7seg_seg_OBUF[3]_inst/O
                         net (fo=0)                   0.000    15.163    io_7seg_seg[3]
    V8                                                                r  io_7seg_seg[3] (OUT)
  -------------------------------------------------------------------    -------------------

Slack:                    inf
  Source:                 program_counter_inst/state_reg[9]/C
                            (rising edge-triggered cell FDRE clocked by sys_clk_pin  {rise@0.000ns fall@5.000ns period=10.000ns})
  Destination:            io_7seg_seg[6]
                            (output port)
  Path Group:             (none)
  Path Type:              Max at Slow Process Corner
  Data Path Delay:        9.929ns  (logic 4.297ns (43.284%)  route 5.631ns (56.716%))
  Logic Levels:           3  (LUT4=1 LUT6=1 OBUF=1)
  Clock Uncertainty:      0.025ns  ((TSJ^2 + TIJ^2)^1/2 + DJ) / 2 + PE
    Total System Jitter     (TSJ):    0.050ns
    Total Input Jitter      (TIJ):    0.000ns
    Discrete Jitter          (DJ):    0.000ns
    Phase Error              (PE):    0.000ns

    Location             Delay type                Incr(ns)  Path(ns)    Netlist Resource(s)
  -------------------------------------------------------------------    -------------------
                         (clock sys_clk_pin rise edge)
                                                      0.000     0.000 r  
    W5                                                0.000     0.000 r  sys_clk (IN)
                         net (fo=0)                   0.000     0.000    sys_clk
    W5                   IBUF (Prop_ibuf_I_O)         1.458     1.458 r  sys_clk_IBUF_inst/O
                         net (fo=2, routed)           2.740     4.198    db_step_inst/sys_clk_IBUF
    SLICE_X4Y9           LUT3 (Prop_lut3_I2_O)        0.124     4.322 r  db_step_inst/state[0]_i_2/O
                         net (fo=16, routed)          0.831     5.153    program_counter_inst/clk
    SLICE_X2Y4           FDRE                                         r  program_counter_inst/state_reg[9]/C
  -------------------------------------------------------------------    -------------------
    SLICE_X2Y4           FDRE (Prop_fdre_C_Q)         0.518     5.671 r  program_counter_inst/state_reg[9]/Q
                         net (fo=3, routed)           1.383     7.054    program_counter_inst/io_led_OBUF[9]
    SLICE_X4Y4           LUT6 (Prop_lut6_I0_O)        0.124     7.178 r  program_counter_inst/io_7seg_seg_OBUF[6]_inst_i_5/O
                         net (fo=7, routed)           0.889     8.067    program_counter_inst/sel0[1]
    SLICE_X6Y5           LUT4 (Prop_lut4_I3_O)        0.124     8.191 r  program_counter_inst/io_7seg_seg_OBUF[6]_inst_i_1/O
                         net (fo=1, routed)           3.359    11.550    io_7seg_seg_OBUF[6]
    U7                   OBUF (Prop_obuf_I_O)         3.531    15.082 r  io_7seg_seg_OBUF[6]_inst/O
                         net (fo=0)                   0.000    15.082    io_7seg_seg[6]
    U7                                                                r  io_7seg_seg[6] (OUT)
  -------------------------------------------------------------------    -------------------

Slack:                    inf
  Source:                 program_counter_inst/state_reg[12]/C
                            (rising edge-triggered cell FDRE clocked by sys_clk_pin  {rise@0.000ns fall@5.000ns period=10.000ns})
  Destination:            io_led[12]
                            (output port)
  Path Group:             (none)
  Path Type:              Max at Slow Process Corner
  Data Path Delay:        9.562ns  (logic 4.036ns (42.211%)  route 5.526ns (57.789%))
  Logic Levels:           1  (OBUF=1)
  Clock Uncertainty:      0.025ns  ((TSJ^2 + TIJ^2)^1/2 + DJ) / 2 + PE
    Total System Jitter     (TSJ):    0.050ns
    Total Input Jitter      (TIJ):    0.000ns
    Discrete Jitter          (DJ):    0.000ns
    Phase Error              (PE):    0.000ns

    Location             Delay type                Incr(ns)  Path(ns)    Netlist Resource(s)
  -------------------------------------------------------------------    -------------------
                         (clock sys_clk_pin rise edge)
                                                      0.000     0.000 r  
    W5                                                0.000     0.000 r  sys_clk (IN)
                         net (fo=0)                   0.000     0.000    sys_clk
    W5                   IBUF (Prop_ibuf_I_O)         1.458     1.458 r  sys_clk_IBUF_inst/O
                         net (fo=2, routed)           2.740     4.198    db_step_inst/sys_clk_IBUF
    SLICE_X4Y9           LUT3 (Prop_lut3_I2_O)        0.124     4.322 r  db_step_inst/state[0]_i_2/O
                         net (fo=16, routed)          0.690     5.012    program_counter_inst/clk
    SLICE_X2Y5           FDRE                                         r  program_counter_inst/state_reg[12]/C
  -------------------------------------------------------------------    -------------------
    SLICE_X2Y5           FDRE (Prop_fdre_C_Q)         0.518     5.530 r  program_counter_inst/state_reg[12]/Q
                         net (fo=3, routed)           5.526    11.056    io_led_OBUF[12]
    P3                   OBUF (Prop_obuf_I_O)         3.518    14.574 r  io_led_OBUF[12]_inst/O
                         net (fo=0)                   0.000    14.574    io_led[12]
    P3                                                                r  io_led[12] (OUT)
  -------------------------------------------------------------------    -------------------

Slack:                    inf
  Source:                 hexdisplay_inst/active_digit_idx_reg[0]/C
                            (rising edge-triggered cell FDRE clocked by sys_clk_pin  {rise@0.000ns fall@5.000ns period=10.000ns})
  Destination:            io_7seg_an[0]
                            (output port)
  Path Group:             (none)
  Path Type:              Max at Slow Process Corner
  Data Path Delay:        9.395ns  (logic 4.311ns (45.885%)  route 5.084ns (54.115%))
  Logic Levels:           2  (LUT2=1 OBUF=1)
  Clock Uncertainty:      0.025ns  ((TSJ^2 + TIJ^2)^1/2 + DJ) / 2 + PE
    Total System Jitter     (TSJ):    0.050ns
    Total Input Jitter      (TIJ):    0.000ns
    Discrete Jitter          (DJ):    0.000ns
    Phase Error              (PE):    0.000ns

    Location             Delay type                Incr(ns)  Path(ns)    Netlist Resource(s)
  -------------------------------------------------------------------    -------------------
                         (clock sys_clk_pin rise edge)
                                                      0.000     0.000 r  
    W5                                                0.000     0.000 r  sys_clk (IN)
                         net (fo=0)                   0.000     0.000    sys_clk
    W5                   IBUF (Prop_ibuf_I_O)         1.458     1.458 r  sys_clk_IBUF_inst/O
                         net (fo=2, routed)           1.967     3.425    sys_clk_IBUF
    BUFGCTRL_X0Y0        BUFG (Prop_bufg_I_O)         0.096     3.521 r  sys_clk_IBUF_BUFG_inst/O
                         net (fo=61, routed)          1.635     5.156    hexdisplay_inst/CLK
    SLICE_X4Y3           FDRE                                         r  hexdisplay_inst/active_digit_idx_reg[0]/C
  -------------------------------------------------------------------    -------------------
    SLICE_X4Y3           FDRE (Prop_fdre_C_Q)         0.456     5.612 f  hexdisplay_inst/active_digit_idx_reg[0]/Q
                         net (fo=10, routed)          0.902     6.514    hexdisplay_inst/active_digit_idx[0]
    SLICE_X7Y5           LUT2 (Prop_lut2_I1_O)        0.150     6.664 r  hexdisplay_inst/io_7seg_an_OBUF[0]_inst_i_1/O
                         net (fo=1, routed)           4.183    10.846    io_7seg_an_OBUF[0]
    U2                   OBUF (Prop_obuf_I_O)         3.705    14.551 r  io_7seg_an_OBUF[0]_inst/O
                         net (fo=0)                   0.000    14.551    io_7seg_an[0]
    U2                                                                r  io_7seg_an[0] (OUT)
  -------------------------------------------------------------------    -------------------

Slack:                    inf
  Source:                 program_counter_inst/state_reg[13]/C
                            (rising edge-triggered cell FDRE clocked by sys_clk_pin  {rise@0.000ns fall@5.000ns period=10.000ns})
  Destination:            io_led[13]
                            (output port)
  Path Group:             (none)
  Path Type:              Max at Slow Process Corner
  Data Path Delay:        9.500ns  (logic 4.025ns (42.371%)  route 5.475ns (57.629%))
  Logic Levels:           1  (OBUF=1)
  Clock Uncertainty:      0.025ns  ((TSJ^2 + TIJ^2)^1/2 + DJ) / 2 + PE
    Total System Jitter     (TSJ):    0.050ns
    Total Input Jitter      (TIJ):    0.000ns
    Discrete Jitter          (DJ):    0.000ns
    Phase Error              (PE):    0.000ns

    Location             Delay type                Incr(ns)  Path(ns)    Netlist Resource(s)
  -------------------------------------------------------------------    -------------------
                         (clock sys_clk_pin rise edge)
                                                      0.000     0.000 r  
    W5                                                0.000     0.000 r  sys_clk (IN)
                         net (fo=0)                   0.000     0.000    sys_clk
    W5                   IBUF (Prop_ibuf_I_O)         1.458     1.458 r  sys_clk_IBUF_inst/O
                         net (fo=2, routed)           2.740     4.198    db_step_inst/sys_clk_IBUF
    SLICE_X4Y9           LUT3 (Prop_lut3_I2_O)        0.124     4.322 r  db_step_inst/state[0]_i_2/O
                         net (fo=16, routed)          0.690     5.012    program_counter_inst/clk
    SLICE_X2Y5           FDRE                                         r  program_counter_inst/state_reg[13]/C
  -------------------------------------------------------------------    -------------------
    SLICE_X2Y5           FDRE (Prop_fdre_C_Q)         0.518     5.530 r  program_counter_inst/state_reg[13]/Q
                         net (fo=3, routed)           5.475    11.005    io_led_OBUF[13]
    N3                   OBUF (Prop_obuf_I_O)         3.507    14.512 r  io_led_OBUF[13]_inst/O
                         net (fo=0)                   0.000    14.512    io_led[13]
    N3                                                                r  io_led[13] (OUT)
  -------------------------------------------------------------------    -------------------





Min Delay Paths
--------------------------------------------------------------------------------------
Slack:                    inf
  Source:                 program_counter_inst/state_reg[5]/C
                            (rising edge-triggered cell FDRE clocked by sys_clk_pin  {rise@0.000ns fall@5.000ns period=10.000ns})
  Destination:            io_led[5]
                            (output port)
  Path Group:             (none)
  Path Type:              Min at Fast Process Corner
  Data Path Delay:        1.732ns  (logic 1.380ns (79.661%)  route 0.352ns (20.339%))
  Logic Levels:           1  (OBUF=1)
  Clock Uncertainty:      0.025ns  ((TSJ^2 + TIJ^2)^1/2 + DJ) / 2 + PE
    Total System Jitter     (TSJ):    0.050ns
    Total Input Jitter      (TIJ):    0.000ns
    Discrete Jitter          (DJ):    0.000ns
    Phase Error              (PE):    0.000ns

    Location             Delay type                Incr(ns)  Path(ns)    Netlist Resource(s)
  -------------------------------------------------------------------    -------------------
                         (clock sys_clk_pin rise edge)
                                                      0.000     0.000 r  
    W5                                                0.000     0.000 r  sys_clk (IN)
                         net (fo=0)                   0.000     0.000    sys_clk
    W5                   IBUF (Prop_ibuf_I_O)         0.226     0.226 r  sys_clk_IBUF_inst/O
                         net (fo=2, routed)           1.137     1.363    db_step_inst/sys_clk_IBUF
    SLICE_X4Y9           LUT3 (Prop_lut3_I2_O)        0.045     1.408 r  db_step_inst/state[0]_i_2/O
                         net (fo=16, routed)          0.317     1.724    program_counter_inst/clk
    SLICE_X2Y3           FDRE                                         r  program_counter_inst/state_reg[5]/C
  -------------------------------------------------------------------    -------------------
    SLICE_X2Y3           FDRE (Prop_fdre_C_Q)         0.164     1.888 r  program_counter_inst/state_reg[5]/Q
                         net (fo=3, routed)           0.352     2.241    io_led_OBUF[5]
    U15                  OBUF (Prop_obuf_I_O)         1.216     3.456 r  io_led_OBUF[5]_inst/O
                         net (fo=0)                   0.000     3.456    io_led[5]
    U15                                                               r  io_led[5] (OUT)
  -------------------------------------------------------------------    -------------------

Slack:                    inf
  Source:                 program_counter_inst/state_reg[0]/C
                            (rising edge-triggered cell FDRE clocked by sys_clk_pin  {rise@0.000ns fall@5.000ns period=10.000ns})
  Destination:            io_led[0]
                            (output port)
  Path Group:             (none)
  Path Type:              Min at Fast Process Corner
  Data Path Delay:        1.721ns  (logic 1.370ns (79.582%)  route 0.351ns (20.418%))
  Logic Levels:           1  (OBUF=1)
  Clock Uncertainty:      0.025ns  ((TSJ^2 + TIJ^2)^1/2 + DJ) / 2 + PE
    Total System Jitter     (TSJ):    0.050ns
    Total Input Jitter      (TIJ):    0.000ns
    Discrete Jitter          (DJ):    0.000ns
    Phase Error              (PE):    0.000ns

    Location             Delay type                Incr(ns)  Path(ns)    Netlist Resource(s)
  -------------------------------------------------------------------    -------------------
                         (clock sys_clk_pin rise edge)
                                                      0.000     0.000 r  
    W5                                                0.000     0.000 r  sys_clk (IN)
                         net (fo=0)                   0.000     0.000    sys_clk
    W5                   IBUF (Prop_ibuf_I_O)         0.226     0.226 r  sys_clk_IBUF_inst/O
                         net (fo=2, routed)           1.137     1.363    db_step_inst/sys_clk_IBUF
    SLICE_X4Y9           LUT3 (Prop_lut3_I2_O)        0.045     1.408 r  db_step_inst/state[0]_i_2/O
                         net (fo=16, routed)          0.340     1.748    program_counter_inst/clk
    SLICE_X2Y2           FDRE                                         r  program_counter_inst/state_reg[0]/C
  -------------------------------------------------------------------    -------------------
    SLICE_X2Y2           FDRE (Prop_fdre_C_Q)         0.164     1.912 r  program_counter_inst/state_reg[0]/Q
                         net (fo=3, routed)           0.351     2.264    io_led_OBUF[0]
    U16                  OBUF (Prop_obuf_I_O)         1.206     3.470 r  io_led_OBUF[0]_inst/O
                         net (fo=0)                   0.000     3.470    io_led[0]
    U16                                                               r  io_led[0] (OUT)
  -------------------------------------------------------------------    -------------------

Slack:                    inf
  Source:                 program_counter_inst/state_reg[8]/C
                            (rising edge-triggered cell FDRE clocked by sys_clk_pin  {rise@0.000ns fall@5.000ns period=10.000ns})
  Destination:            io_led[8]
                            (output port)
  Path Group:             (none)
  Path Type:              Min at Fast Process Corner
  Data Path Delay:        1.773ns  (logic 1.369ns (77.222%)  route 0.404ns (22.778%))
  Logic Levels:           1  (OBUF=1)
  Clock Uncertainty:      0.025ns  ((TSJ^2 + TIJ^2)^1/2 + DJ) / 2 + PE
    Total System Jitter     (TSJ):    0.050ns
    Total Input Jitter      (TIJ):    0.000ns
    Discrete Jitter          (DJ):    0.000ns
    Phase Error              (PE):    0.000ns

    Location             Delay type                Incr(ns)  Path(ns)    Netlist Resource(s)
  -------------------------------------------------------------------    -------------------
                         (clock sys_clk_pin rise edge)
                                                      0.000     0.000 r  
    W5                                                0.000     0.000 r  sys_clk (IN)
                         net (fo=0)                   0.000     0.000    sys_clk
    W5                   IBUF (Prop_ibuf_I_O)         0.226     0.226 r  sys_clk_IBUF_inst/O
                         net (fo=2, routed)           1.137     1.363    db_step_inst/sys_clk_IBUF
    SLICE_X4Y9           LUT3 (Prop_lut3_I2_O)        0.045     1.408 r  db_step_inst/state[0]_i_2/O
                         net (fo=16, routed)          0.338     1.746    program_counter_inst/clk
    SLICE_X2Y4           FDRE                                         r  program_counter_inst/state_reg[8]/C
  -------------------------------------------------------------------    -------------------
    SLICE_X2Y4           FDRE (Prop_fdre_C_Q)         0.164     1.910 r  program_counter_inst/state_reg[8]/Q
                         net (fo=3, routed)           0.404     2.314    io_led_OBUF[8]
    V13                  OBUF (Prop_obuf_I_O)         1.205     3.519 r  io_led_OBUF[8]_inst/O
                         net (fo=0)                   0.000     3.519    io_led[8]
    V13                                                               r  io_led[8] (OUT)
  -------------------------------------------------------------------    -------------------

Slack:                    inf
  Source:                 program_counter_inst/state_reg[7]/C
                            (rising edge-triggered cell FDRE clocked by sys_clk_pin  {rise@0.000ns fall@5.000ns period=10.000ns})
  Destination:            io_led[7]
                            (output port)
  Path Group:             (none)
  Path Type:              Min at Fast Process Corner
  Data Path Delay:        1.819ns  (logic 1.366ns (75.083%)  route 0.453ns (24.917%))
  Logic Levels:           1  (OBUF=1)
  Clock Uncertainty:      0.025ns  ((TSJ^2 + TIJ^2)^1/2 + DJ) / 2 + PE
    Total System Jitter     (TSJ):    0.050ns
    Total Input Jitter      (TIJ):    0.000ns
    Discrete Jitter          (DJ):    0.000ns
    Phase Error              (PE):    0.000ns

    Location             Delay type                Incr(ns)  Path(ns)    Netlist Resource(s)
  -------------------------------------------------------------------    -------------------
                         (clock sys_clk_pin rise edge)
                                                      0.000     0.000 r  
    W5                                                0.000     0.000 r  sys_clk (IN)
                         net (fo=0)                   0.000     0.000    sys_clk
    W5                   IBUF (Prop_ibuf_I_O)         0.226     0.226 r  sys_clk_IBUF_inst/O
                         net (fo=2, routed)           1.137     1.363    db_step_inst/sys_clk_IBUF
    SLICE_X4Y9           LUT3 (Prop_lut3_I2_O)        0.045     1.408 r  db_step_inst/state[0]_i_2/O
                         net (fo=16, routed)          0.317     1.724    program_counter_inst/clk
    SLICE_X2Y3           FDRE                                         r  program_counter_inst/state_reg[7]/C
  -------------------------------------------------------------------    -------------------
    SLICE_X2Y3           FDRE (Prop_fdre_C_Q)         0.164     1.888 r  program_counter_inst/state_reg[7]/Q
                         net (fo=3, routed)           0.453     2.342    io_led_OBUF[7]
    V14                  OBUF (Prop_obuf_I_O)         1.202     3.544 r  io_led_OBUF[7]_inst/O
                         net (fo=0)                   0.000     3.544    io_led[7]
    V14                                                               r  io_led[7] (OUT)
  -------------------------------------------------------------------    -------------------

Slack:                    inf
  Source:                 program_counter_inst/state_reg[6]/C
                            (rising edge-triggered cell FDRE clocked by sys_clk_pin  {rise@0.000ns fall@5.000ns period=10.000ns})
  Destination:            io_led[6]
                            (output port)
  Path Group:             (none)
  Path Type:              Min at Fast Process Corner
  Data Path Delay:        1.834ns  (logic 1.371ns (74.777%)  route 0.463ns (25.223%))
  Logic Levels:           1  (OBUF=1)
  Clock Uncertainty:      0.025ns  ((TSJ^2 + TIJ^2)^1/2 + DJ) / 2 + PE
    Total System Jitter     (TSJ):    0.050ns
    Total Input Jitter      (TIJ):    0.000ns
    Discrete Jitter          (DJ):    0.000ns
    Phase Error              (PE):    0.000ns

    Location             Delay type                Incr(ns)  Path(ns)    Netlist Resource(s)
  -------------------------------------------------------------------    -------------------
                         (clock sys_clk_pin rise edge)
                                                      0.000     0.000 r  
    W5                                                0.000     0.000 r  sys_clk (IN)
                         net (fo=0)                   0.000     0.000    sys_clk
    W5                   IBUF (Prop_ibuf_I_O)         0.226     0.226 r  sys_clk_IBUF_inst/O
                         net (fo=2, routed)           1.137     1.363    db_step_inst/sys_clk_IBUF
    SLICE_X4Y9           LUT3 (Prop_lut3_I2_O)        0.045     1.408 r  db_step_inst/state[0]_i_2/O
                         net (fo=16, routed)          0.317     1.724    program_counter_inst/clk
    SLICE_X2Y3           FDRE                                         r  program_counter_inst/state_reg[6]/C
  -------------------------------------------------------------------    -------------------
    SLICE_X2Y3           FDRE (Prop_fdre_C_Q)         0.164     1.888 r  program_counter_inst/state_reg[6]/Q
                         net (fo=3, routed)           0.463     2.351    io_led_OBUF[6]
    U14                  OBUF (Prop_obuf_I_O)         1.207     3.558 r  io_led_OBUF[6]_inst/O
                         net (fo=0)                   0.000     3.558    io_led[6]
    U14                                                               r  io_led[6] (OUT)
  -------------------------------------------------------------------    -------------------

Slack:                    inf
  Source:                 program_counter_inst/state_reg[4]/C
                            (rising edge-triggered cell FDRE clocked by sys_clk_pin  {rise@0.000ns fall@5.000ns period=10.000ns})
  Destination:            io_led[4]
                            (output port)
  Path Group:             (none)
  Path Type:              Min at Fast Process Corner
  Data Path Delay:        1.966ns  (logic 1.374ns (69.868%)  route 0.592ns (30.132%))
  Logic Levels:           1  (OBUF=1)
  Clock Uncertainty:      0.025ns  ((TSJ^2 + TIJ^2)^1/2 + DJ) / 2 + PE
    Total System Jitter     (TSJ):    0.050ns
    Total Input Jitter      (TIJ):    0.000ns
    Discrete Jitter          (DJ):    0.000ns
    Phase Error              (PE):    0.000ns

    Location             Delay type                Incr(ns)  Path(ns)    Netlist Resource(s)
  -------------------------------------------------------------------    -------------------
                         (clock sys_clk_pin rise edge)
                                                      0.000     0.000 r  
    W5                                                0.000     0.000 r  sys_clk (IN)
                         net (fo=0)                   0.000     0.000    sys_clk
    W5                   IBUF (Prop_ibuf_I_O)         0.226     0.226 r  sys_clk_IBUF_inst/O
                         net (fo=2, routed)           1.137     1.363    db_step_inst/sys_clk_IBUF
    SLICE_X4Y9           LUT3 (Prop_lut3_I2_O)        0.045     1.408 r  db_step_inst/state[0]_i_2/O
                         net (fo=16, routed)          0.317     1.724    program_counter_inst/clk
    SLICE_X2Y3           FDRE                                         r  program_counter_inst/state_reg[4]/C
  -------------------------------------------------------------------    -------------------
    SLICE_X2Y3           FDRE (Prop_fdre_C_Q)         0.164     1.888 r  program_counter_inst/state_reg[4]/Q
                         net (fo=3, routed)           0.592     2.481    io_led_OBUF[4]
    W18                  OBUF (Prop_obuf_I_O)         1.210     3.691 r  io_led_OBUF[4]_inst/O
                         net (fo=0)                   0.000     3.691    io_led[4]
    W18                                                               r  io_led[4] (OUT)
  -------------------------------------------------------------------    -------------------

Slack:                    inf
  Source:                 program_counter_inst/state_reg[2]/C
                            (rising edge-triggered cell FDRE clocked by sys_clk_pin  {rise@0.000ns fall@5.000ns period=10.000ns})
  Destination:            io_led[2]
                            (output port)
  Path Group:             (none)
  Path Type:              Min at Fast Process Corner
  Data Path Delay:        2.028ns  (logic 1.366ns (67.374%)  route 0.662ns (32.626%))
  Logic Levels:           1  (OBUF=1)
  Clock Uncertainty:      0.025ns  ((TSJ^2 + TIJ^2)^1/2 + DJ) / 2 + PE
    Total System Jitter     (TSJ):    0.050ns
    Total Input Jitter      (TIJ):    0.000ns
    Discrete Jitter          (DJ):    0.000ns
    Phase Error              (PE):    0.000ns

    Location             Delay type                Incr(ns)  Path(ns)    Netlist Resource(s)
  -------------------------------------------------------------------    -------------------
                         (clock sys_clk_pin rise edge)
                                                      0.000     0.000 r  
    W5                                                0.000     0.000 r  sys_clk (IN)
                         net (fo=0)                   0.000     0.000    sys_clk
    W5                   IBUF (Prop_ibuf_I_O)         0.226     0.226 r  sys_clk_IBUF_inst/O
                         net (fo=2, routed)           1.137     1.363    db_step_inst/sys_clk_IBUF
    SLICE_X4Y9           LUT3 (Prop_lut3_I2_O)        0.045     1.408 r  db_step_inst/state[0]_i_2/O
                         net (fo=16, routed)          0.340     1.748    program_counter_inst/clk
    SLICE_X2Y2           FDRE                                         r  program_counter_inst/state_reg[2]/C
  -------------------------------------------------------------------    -------------------
    SLICE_X2Y2           FDRE (Prop_fdre_C_Q)         0.164     1.912 r  program_counter_inst/state_reg[2]/Q
                         net (fo=3, routed)           0.662     2.574    io_led_OBUF[2]
    U19                  OBUF (Prop_obuf_I_O)         1.202     3.776 r  io_led_OBUF[2]_inst/O
                         net (fo=0)                   0.000     3.776    io_led[2]
    U19                                                               r  io_led[2] (OUT)
  -------------------------------------------------------------------    -------------------

Slack:                    inf
  Source:                 program_counter_inst/state_reg[3]/C
                            (rising edge-triggered cell FDRE clocked by sys_clk_pin  {rise@0.000ns fall@5.000ns period=10.000ns})
  Destination:            io_led[3]
                            (output port)
  Path Group:             (none)
  Path Type:              Min at Fast Process Corner
  Data Path Delay:        2.032ns  (logic 1.374ns (67.609%)  route 0.658ns (32.391%))
  Logic Levels:           1  (OBUF=1)
  Clock Uncertainty:      0.025ns  ((TSJ^2 + TIJ^2)^1/2 + DJ) / 2 + PE
    Total System Jitter     (TSJ):    0.050ns
    Total Input Jitter      (TIJ):    0.000ns
    Discrete Jitter          (DJ):    0.000ns
    Phase Error              (PE):    0.000ns

    Location             Delay type                Incr(ns)  Path(ns)    Netlist Resource(s)
  -------------------------------------------------------------------    -------------------
                         (clock sys_clk_pin rise edge)
                                                      0.000     0.000 r  
    W5                                                0.000     0.000 r  sys_clk (IN)
                         net (fo=0)                   0.000     0.000    sys_clk
    W5                   IBUF (Prop_ibuf_I_O)         0.226     0.226 r  sys_clk_IBUF_inst/O
                         net (fo=2, routed)           1.137     1.363    db_step_inst/sys_clk_IBUF
    SLICE_X4Y9           LUT3 (Prop_lut3_I2_O)        0.045     1.408 r  db_step_inst/state[0]_i_2/O
                         net (fo=16, routed)          0.340     1.748    program_counter_inst/clk
    SLICE_X2Y2           FDRE                                         r  program_counter_inst/state_reg[3]/C
  -------------------------------------------------------------------    -------------------
    SLICE_X2Y2           FDRE (Prop_fdre_C_Q)         0.164     1.912 r  program_counter_inst/state_reg[3]/Q
                         net (fo=3, routed)           0.658     2.570    io_led_OBUF[3]
    V19                  OBUF (Prop_obuf_I_O)         1.210     3.781 r  io_led_OBUF[3]_inst/O
                         net (fo=0)                   0.000     3.781    io_led[3]
    V19                                                               r  io_led[3] (OUT)
  -------------------------------------------------------------------    -------------------

Slack:                    inf
  Source:                 program_counter_inst/state_reg[1]/C
                            (rising edge-triggered cell FDRE clocked by sys_clk_pin  {rise@0.000ns fall@5.000ns period=10.000ns})
  Destination:            io_led[1]
                            (output port)
  Path Group:             (none)
  Path Type:              Min at Fast Process Corner
  Data Path Delay:        2.290ns  (logic 1.395ns (60.908%)  route 0.895ns (39.092%))
  Logic Levels:           1  (OBUF=1)
  Clock Uncertainty:      0.025ns  ((TSJ^2 + TIJ^2)^1/2 + DJ) / 2 + PE
    Total System Jitter     (TSJ):    0.050ns
    Total Input Jitter      (TIJ):    0.000ns
    Discrete Jitter          (DJ):    0.000ns
    Phase Error              (PE):    0.000ns

    Location             Delay type                Incr(ns)  Path(ns)    Netlist Resource(s)
  -------------------------------------------------------------------    -------------------
                         (clock sys_clk_pin rise edge)
                                                      0.000     0.000 r  
    W5                                                0.000     0.000 r  sys_clk (IN)
                         net (fo=0)                   0.000     0.000    sys_clk
    W5                   IBUF (Prop_ibuf_I_O)         0.226     0.226 r  sys_clk_IBUF_inst/O
                         net (fo=2, routed)           1.137     1.363    db_step_inst/sys_clk_IBUF
    SLICE_X4Y9           LUT3 (Prop_lut3_I2_O)        0.045     1.408 r  db_step_inst/state[0]_i_2/O
                         net (fo=16, routed)          0.340     1.748    program_counter_inst/clk
    SLICE_X2Y2           FDRE                                         r  program_counter_inst/state_reg[1]/C
  -------------------------------------------------------------------    -------------------
    SLICE_X2Y2           FDRE (Prop_fdre_C_Q)         0.164     1.912 r  program_counter_inst/state_reg[1]/Q
                         net (fo=3, routed)           0.895     2.807    io_led_OBUF[1]
    E19                  OBUF (Prop_obuf_I_O)         1.231     4.038 r  io_led_OBUF[1]_inst/O
                         net (fo=0)                   0.000     4.038    io_led[1]
    E19                                                               r  io_led[1] (OUT)
  -------------------------------------------------------------------    -------------------

Slack:                    inf
  Source:                 program_counter_inst/state_reg[11]/C
                            (rising edge-triggered cell FDRE clocked by sys_clk_pin  {rise@0.000ns fall@5.000ns period=10.000ns})
  Destination:            io_led[11]
                            (output port)
  Path Group:             (none)
  Path Type:              Min at Fast Process Corner
  Data Path Delay:        2.732ns  (logic 1.369ns (50.107%)  route 1.363ns (49.893%))
  Logic Levels:           1  (OBUF=1)
  Clock Uncertainty:      0.025ns  ((TSJ^2 + TIJ^2)^1/2 + DJ) / 2 + PE
    Total System Jitter     (TSJ):    0.050ns
    Total Input Jitter      (TIJ):    0.000ns
    Discrete Jitter          (DJ):    0.000ns
    Phase Error              (PE):    0.000ns

    Location             Delay type                Incr(ns)  Path(ns)    Netlist Resource(s)
  -------------------------------------------------------------------    -------------------
                         (clock sys_clk_pin rise edge)
                                                      0.000     0.000 r  
    W5                                                0.000     0.000 r  sys_clk (IN)
                         net (fo=0)                   0.000     0.000    sys_clk
    W5                   IBUF (Prop_ibuf_I_O)         0.226     0.226 r  sys_clk_IBUF_inst/O
                         net (fo=2, routed)           1.137     1.363    db_step_inst/sys_clk_IBUF
    SLICE_X4Y9           LUT3 (Prop_lut3_I2_O)        0.045     1.408 r  db_step_inst/state[0]_i_2/O
                         net (fo=16, routed)          0.338     1.746    program_counter_inst/clk
    SLICE_X2Y4           FDRE                                         r  program_counter_inst/state_reg[11]/C
  -------------------------------------------------------------------    -------------------
    SLICE_X2Y4           FDRE (Prop_fdre_C_Q)         0.164     1.910 r  program_counter_inst/state_reg[11]/Q
                         net (fo=3, routed)           1.363     3.273    io_led_OBUF[11]
    U3                   OBUF (Prop_obuf_I_O)         1.205     4.478 r  io_led_OBUF[11]_inst/O
                         net (fo=0)                   0.000     4.478    io_led[11]
    U3                                                                r  io_led[11] (OUT)
  -------------------------------------------------------------------    -------------------





--------------------------------------------------------------------------------------
Path Group:  (none)
From Clock:  
  To Clock:  sys_clk_pin

Max Delay             2 Endpoints
Min Delay             2 Endpoints
--------------------------------------------------------------------------------------


Max Delay Paths
--------------------------------------------------------------------------------------
Slack:                    inf
  Source:                 io_btn_center
                            (input port)
  Destination:            db_step_inst/sig_sync_0_reg/D
                            (rising edge-triggered cell FDRE clocked by sys_clk_pin  {rise@0.000ns fall@5.000ns period=10.000ns})
  Path Group:             (none)
  Path Type:              Setup (Max at Slow Process Corner)
  Data Path Delay:        2.583ns  (logic 1.441ns (55.809%)  route 1.141ns (44.191%))
  Logic Levels:           1  (IBUF=1)
  Clock Path Skew:        4.858ns (DCD - SCD + CPR)
    Destination Clock Delay (DCD):    4.858ns
    Source Clock Delay      (SCD):    0.000ns
    Clock Pessimism Removal (CPR):    0.000ns
  Clock Uncertainty:      0.025ns  ((TSJ^2 + TIJ^2)^1/2 + DJ) / 2 + PE
    Total System Jitter     (TSJ):    0.050ns
    Total Input Jitter      (TIJ):    0.000ns
    Discrete Jitter          (DJ):    0.000ns
    Phase Error              (PE):    0.000ns

    Location             Delay type                Incr(ns)  Path(ns)    Netlist Resource(s)
  -------------------------------------------------------------------    -------------------
    U18                                               0.000     0.000 r  io_btn_center (IN)
                         net (fo=0)                   0.000     0.000    io_btn_center
    U18                  IBUF (Prop_ibuf_I_O)         1.441     1.441 r  io_btn_center_IBUF_inst/O
                         net (fo=1, routed)           1.141     2.583    db_step_inst/io_btn_center_IBUF
    SLICE_X4Y4           FDRE                                         r  db_step_inst/sig_sync_0_reg/D
  -------------------------------------------------------------------    -------------------

                         (clock sys_clk_pin rise edge)
                                                      0.000     0.000 r  
    W5                                                0.000     0.000 r  sys_clk (IN)
                         net (fo=0)                   0.000     0.000    sys_clk
    W5                   IBUF (Prop_ibuf_I_O)         1.388     1.388 r  sys_clk_IBUF_inst/O
                         net (fo=2, routed)           1.862     3.250    sys_clk_IBUF
    BUFGCTRL_X0Y0        BUFG (Prop_bufg_I_O)         0.091     3.341 r  sys_clk_IBUF_BUFG_inst/O
                         net (fo=61, routed)          1.517     4.858    db_step_inst/CLK
    SLICE_X4Y4           FDRE                                         r  db_step_inst/sig_sync_0_reg/C

Slack:                    inf
  Source:                 io_btn_down
                            (input port)
  Destination:            reset_inst/clear_counter_reg/D
                            (rising edge-triggered cell FDRE clocked by sys_clk_pin  {rise@0.000ns fall@5.000ns period=10.000ns})
  Path Group:             (none)
  Path Type:              Setup (Max at Slow Process Corner)
  Data Path Delay:        2.401ns  (logic 1.452ns (60.481%)  route 0.949ns (39.519%))
  Logic Levels:           1  (IBUF=1)
  Clock Path Skew:        4.858ns (DCD - SCD + CPR)
    Destination Clock Delay (DCD):    4.858ns
    Source Clock Delay      (SCD):    0.000ns
    Clock Pessimism Removal (CPR):    0.000ns
  Clock Uncertainty:      0.025ns  ((TSJ^2 + TIJ^2)^1/2 + DJ) / 2 + PE
    Total System Jitter     (TSJ):    0.050ns
    Total Input Jitter      (TIJ):    0.000ns
    Discrete Jitter          (DJ):    0.000ns
    Phase Error              (PE):    0.000ns

    Location             Delay type                Incr(ns)  Path(ns)    Netlist Resource(s)
  -------------------------------------------------------------------    -------------------
    U17                                               0.000     0.000 r  io_btn_down (IN)
                         net (fo=0)                   0.000     0.000    io_btn_down
    U17                  IBUF (Prop_ibuf_I_O)         1.452     1.452 r  io_btn_down_IBUF_inst/O
                         net (fo=1, routed)           0.949     2.401    reset_inst/io_btn_down_IBUF
    SLICE_X2Y9           FDRE                                         r  reset_inst/clear_counter_reg/D
  -------------------------------------------------------------------    -------------------

                         (clock sys_clk_pin rise edge)
                                                      0.000     0.000 r  
    W5                                                0.000     0.000 r  sys_clk (IN)
                         net (fo=0)                   0.000     0.000    sys_clk
    W5                   IBUF (Prop_ibuf_I_O)         1.388     1.388 r  sys_clk_IBUF_inst/O
                         net (fo=2, routed)           1.862     3.250    sys_clk_IBUF
    BUFGCTRL_X0Y0        BUFG (Prop_bufg_I_O)         0.091     3.341 r  sys_clk_IBUF_BUFG_inst/O
                         net (fo=61, routed)          1.517     4.858    reset_inst/CLK
    SLICE_X2Y9           FDRE                                         r  reset_inst/clear_counter_reg/C





Min Delay Paths
--------------------------------------------------------------------------------------
Slack:                    inf
  Source:                 io_btn_down
                            (input port)
  Destination:            reset_inst/clear_counter_reg/D
                            (rising edge-triggered cell FDRE clocked by sys_clk_pin  {rise@0.000ns fall@5.000ns period=10.000ns})
  Path Group:             (none)
  Path Type:              Hold (Min at Fast Process Corner)
  Data Path Delay:        0.580ns  (logic 0.221ns (38.054%)  route 0.359ns (61.946%))
  Logic Levels:           1  (IBUF=1)
  Clock Path Skew:        1.992ns (DCD - SCD - CPR)
    Destination Clock Delay (DCD):    1.992ns
    Source Clock Delay      (SCD):    0.000ns
    Clock Pessimism Removal (CPR):    -0.000ns

    Location             Delay type                Incr(ns)  Path(ns)    Netlist Resource(s)
  -------------------------------------------------------------------    -------------------
    U17                                               0.000     0.000 r  io_btn_down (IN)
                         net (fo=0)                   0.000     0.000    io_btn_down
    U17                  IBUF (Prop_ibuf_I_O)         0.221     0.221 r  io_btn_down_IBUF_inst/O
                         net (fo=1, routed)           0.359     0.580    reset_inst/io_btn_down_IBUF
    SLICE_X2Y9           FDRE                                         r  reset_inst/clear_counter_reg/D
  -------------------------------------------------------------------    -------------------

                         (clock sys_clk_pin rise edge)
                                                      0.000     0.000 r  
    W5                                                0.000     0.000 r  sys_clk (IN)
                         net (fo=0)                   0.000     0.000    sys_clk
    W5                   IBUF (Prop_ibuf_I_O)         0.414     0.414 r  sys_clk_IBUF_inst/O
                         net (fo=2, routed)           0.685     1.099    sys_clk_IBUF
    BUFGCTRL_X0Y0        BUFG (Prop_bufg_I_O)         0.029     1.128 r  sys_clk_IBUF_BUFG_inst/O
                         net (fo=61, routed)          0.865     1.992    reset_inst/CLK
    SLICE_X2Y9           FDRE                                         r  reset_inst/clear_counter_reg/C

Slack:                    inf
  Source:                 io_btn_center
                            (input port)
  Destination:            db_step_inst/sig_sync_0_reg/D
                            (rising edge-triggered cell FDRE clocked by sys_clk_pin  {rise@0.000ns fall@5.000ns period=10.000ns})
  Path Group:             (none)
  Path Type:              Hold (Min at Fast Process Corner)
  Data Path Delay:        0.665ns  (logic 0.210ns (31.517%)  route 0.455ns (68.483%))
  Logic Levels:           1  (IBUF=1)
  Clock Path Skew:        1.991ns (DCD - SCD - CPR)
    Destination Clock Delay (DCD):    1.991ns
    Source Clock Delay      (SCD):    0.000ns
    Clock Pessimism Removal (CPR):    -0.000ns

    Location             Delay type                Incr(ns)  Path(ns)    Netlist Resource(s)
  -------------------------------------------------------------------    -------------------
    U18                                               0.000     0.000 r  io_btn_center (IN)
                         net (fo=0)                   0.000     0.000    io_btn_center
    U18                  IBUF (Prop_ibuf_I_O)         0.210     0.210 r  io_btn_center_IBUF_inst/O
                         net (fo=1, routed)           0.455     0.665    db_step_inst/io_btn_center_IBUF
    SLICE_X4Y4           FDRE                                         r  db_step_inst/sig_sync_0_reg/D
  -------------------------------------------------------------------    -------------------

                         (clock sys_clk_pin rise edge)
                                                      0.000     0.000 r  
    W5                                                0.000     0.000 r  sys_clk (IN)
                         net (fo=0)                   0.000     0.000    sys_clk
    W5                   IBUF (Prop_ibuf_I_O)         0.414     0.414 r  sys_clk_IBUF_inst/O
                         net (fo=2, routed)           0.685     1.099    sys_clk_IBUF
    BUFGCTRL_X0Y0        BUFG (Prop_bufg_I_O)         0.029     1.128 r  sys_clk_IBUF_BUFG_inst/O
                         net (fo=61, routed)          0.864     1.991    db_step_inst/CLK
    SLICE_X4Y4           FDRE                                         r  db_step_inst/sig_sync_0_reg/C





